,Start,Diver,Gender,Discipline,Line,Official Top,AP,RP,Card,Points,Remarks,title_event,Event Type,day
0,1,Tasos Grillakis (GRC),M,FIM,,00:00,33 m,23 m,YELLOW,12.0,-,Depth Event 2016,Depth Competition,2016-07-17
1,2,Antonis Papantonatos (GRC),M,FIM,,00:00,55 m,47 m,YELLOW,38.0,-,Depth Event 2016,Depth Competition,2016-07-17
2,3,Dimitris Koumoulos (GRC),M,CNF,,00:00,55 m,55 m,WHITE,55.0,-,Depth Event 2016,Depth Competition,2016-07-17
3,4,Christos Papadopoulos (GRC),M,CWT,,00:00,55 m,55 m,WHITE,55.0,OK,Depth Event 2016,Depth Competition,2016-07-17
4,5,Anna Chalari (GRC),F,CWT,,00:00,15 m,15 m,WHITE,15.0,OK,Depth Event 2016,Depth Competition,2016-07-17
5,6,Alkisti Vouraki (GRC),F,CWT,,00:00,16 m,16 m,WHITE,16.0,OK,Depth Event 2016,Depth Competition,2016-07-17
6,7,Stavroula Kontorousi (GRC),F,CWT,,00:00,20 m,20 m,WHITE,20.0,OK,Depth Event 2016,Depth Competition,2016-07-17
7,8,Yuliya Ilkevich (BLR),F,CWT,,00:00,40 m,31 m,YELLOW,21.0,"SHORT, TAG",Depth Event 2016,Depth Competition,2016-07-17
8,9,Dimitris Tsigkounis (GRC),M,CWT,,00:00,40 m,26 m,YELLOW,11.0,"SHORT, TAG",Depth Event 2016,Depth Competition,2016-07-17
9,10,Emmanouil Marneros (GRC),M,CWT,,00:00,47 m,47 m,WHITE,47.0,OK,Depth Event 2016,Depth Competition,2016-07-17
10,11,Antonios Marneros (GRC),M,CWT,,00:00,32 m,32 m,WHITE,32.0,OK,Depth Event 2016,Depth Competition,2016-07-17
11,12,Yanis Volakakis (GRC),M,CWT,,00:00,55 m,55 m,WHITE,55.0,OK,Depth Event 2016,Depth Competition,2016-07-17
12,13,Tony Helm (GRC),M,CWT,,00:00,55 m,55 m,WHITE,55.0,OK,Depth Event 2016,Depth Competition,2016-07-17
13,14,Nikos Magounis (GRC),M,CWT,,00:00,25 m,25 m,WHITE,25.0,OK,Depth Event 2016,Depth Competition,2016-07-17
0,1,Reiko Asakura (JPN),F,FIM,,00:00,54 m,54 m,WHITE,54.0,-,Okinawa Freediving Cup 2016,Depth Competition,2016-07-23
1,2,Mitsuhiro Kojima (JPN),M,FIM,,00:00,55 m,55 m,WHITE,55.0,-,Okinawa Freediving Cup 2016,Depth Competition,2016-07-23
2,3,Sawako Maruyama (JPN),F,FIM,,00:00,58 m,35 m,WHITE,35.0,-,Okinawa Freediving Cup 2016,Depth Competition,2016-07-23
3,4,Shuichi Goto (JPN),M,FIM,,00:00,58 m,45 m,YELLOW,32.0,-,Okinawa Freediving Cup 2016,Depth Competition,2016-07-23
4,5,Tetsuo Hara (JPN),M,FIM,,00:00,70 m,70 m,WHITE,70.0,-,Okinawa Freediving Cup 2016,Depth Competition,2016-07-23
5,6,Naoto Yoshikawa (JPN),M,CWT,,00:00,48 m,48 m,RED,0.0,-,Okinawa Freediving Cup 2016,Depth Competition,2016-07-23
6,7,Atsushi Kawai (JPN),M,CWT,,00:00,57 m,57 m,RED,0.0,-,Okinawa Freediving Cup 2016,Depth Competition,2016-07-23
7,8,Naoko Yamada (JPN),F,CWT,,00:00,19 m,19 m,WHITE,19.0,-,Okinawa Freediving Cup 2016,Depth Competition,2016-07-23
8,9,Tomoko Kayama (JPN),F,CWT,,00:00,32 m,32 m,WHITE,32.0,-,Okinawa Freediving Cup 2016,Depth Competition,2016-07-23
9,10,Yuki Muto (JPN),F,CWT,,00:00,58 m,58 m,WHITE,58.0,-,Okinawa Freediving Cup 2016,Depth Competition,2016-07-23
10,11,Tadahiro Kobayashi (JPN),M,CWT,,00:00,65 m,46 m,YELLOW,27.0,-,Okinawa Freediving Cup 2016,Depth Competition,2016-07-23
0,1,Tadahiro Kobayashi (JPN),M,CWT,,00:00,65 m,57 m,YELLOW,49.0,-,Okinawa Freediving Cup 2016,Depth Competition,2016-07-24
1,2,Yuki Muto (JPN),F,CWT,,00:00,61 m,61 m,WHITE,61.0,-,Okinawa Freediving Cup 2016,Depth Competition,2016-07-24
2,3,Sawako Maruyama (JPN),F,CWT,,00:00,35 m,35 m,WHITE,61.0,-,Okinawa Freediving Cup 2016,Depth Competition,2016-07-24
3,4,Tomoko Kayama (JPN),F,CWT,,00:00,34 m,34 m,WHITE,34.0,-,Okinawa Freediving Cup 2016,Depth Competition,2016-07-24
4,5,Naoko Yamada (JPN),F,CWT,,00:00,25 m,22 m,YELLOW,19.0,-,Okinawa Freediving Cup 2016,Depth Competition,2016-07-24
5,6,Shuichi Goto (JPN),M,CNF,,00:00,43 m,43 m,RED,0.0,-,Okinawa Freediving Cup 2016,Depth Competition,2016-07-24
6,7,Naoto Yoshikawa (JPN),M,FIM,,00:00,56 m,48 m,YELLOW,40.0,-,Okinawa Freediving Cup 2016,Depth Competition,2016-07-24
7,8,Tetsuo Hara (JPN),M,FIM,,00:00,75 m,75 m,WHITE,75.0,-,Okinawa Freediving Cup 2016,Depth Competition,2016-07-24
0,1,Gal Shtokhamer (ISR),F,CWT,,00:00,43 m,43 m,WHITE,43.0,0,Free 2 be,Depth Competition,2016-09-23
1,2,Vered Dekel (ISR),F,CWT,,00:00,47 m,47 m,WHITE,47.0,-,Free 2 be,Depth Competition,2016-09-23
2,3,Aran Gilead (ISR),M,CWT,,00:00,72 m,72 m,WHITE,72.0,-,Free 2 be,Depth Competition,2016-09-23
3,4,Shlomi Goldstein (ISR),M,CWT,,00:00,55 m,55 m,WHITE,55.0,-,Free 2 be,Depth Competition,2016-09-23
4,5,Ariel Kedmi (ISR),M,CWT,,00:00,55 m,55 m,WHITE,55.0,-,Free 2 be,Depth Competition,2016-09-23
5,6,Cornelius Friesendorf (DEU),M,CNF,,00:00,52 m,52 m,WHITE,52.0,-,Free 2 be,Depth Competition,2016-09-23
6,7,Tom Peled (ISR),M,FIM,,00:00,55 m,31 m,YELLOW,6.0,"Short, no tag",Free 2 be,Depth Competition,2016-09-23
7,8,Yair Zucker (ISR),M,FIM,,00:00,50 m,29 m,YELLOW,7.0,"AP<RP, no tag, Y-ET",Free 2 be,Depth Competition,2016-09-23
8,9,Alex Geyzner (ISR),M,CWT,,00:00,36 m,36 m,WHITE,36.0,-,Free 2 be,Depth Competition,2016-09-23
9,10,Stasia Spizhenko (UKR),F,FIM,,00:00,45 m,45 m,YELLOW,44.0,Y-before OT,Free 2 be,Depth Competition,2016-09-23
10,11,Ivan Suhrakov (ISR),M,FIM,,00:00,43 m,22 m,YELLOW,0.0,"RP AP, no tag, Y-ET",Free 2 be,Depth Competition,2016-09-23
11,12,Moty Toporkov (ISR),M,CWT,,00:00,40 m,25 m,RED,0.0,DQ SP,Free 2 be,Depth Competition,2016-09-23
12,13,Roded Korolczuk (ISR),M,CWT,,00:00,15 m,15 m,WHITE,15.0,-,Free 2 be,Depth Competition,2016-09-23
13,14,Xavier Chavanes (FRA),M,CWT,,00:00,56 m,56 m,YELLOW,51.0,Grab,Free 2 be,Depth Competition,2016-09-23
14,15,Yuval Bracha (ISR),F,FIM,,00:00,35 m,35 m,WHITE,35.0,NR,Free 2 be,Depth Competition,2016-09-23
15,16,Elad Anlen (ISR),M,CWT,,00:00,37 m,37 m,WHITE,37.0,-,Free 2 be,Depth Competition,2016-09-23
16,17,Amir Faheralden (SWE),M,CWT,,00:00,42 m,42 m,WHITE,42.0,-,Free 2 be,Depth Competition,2016-09-23
0,1,Vered Dekel (ISR),F,CWT,,00:00,51 m,51 m,WHITE,51.0,NR,Free 2 be,Depth Competition,2016-09-24
1,2,Shlomi Goldstein (ISR),M,CWT,,00:00,60 m,60 m,WHITE,60.0,-,Free 2 be,Depth Competition,2016-09-24
2,3,Aran Gilead (ISR),M,CWT,,00:00,70 m,70 m,WHITE,70.0,-,Free 2 be,Depth Competition,2016-09-24
3,4,Cornelius Friesendorf (DEU),M,FIM,,00:00,70 m,70 m,WHITE,70.0,-,Free 2 be,Depth Competition,2016-09-24
4,5,Gal Shtokhamer (ISR),F,FIM,,00:00,36 m,36 m,WHITE,36.0,-,Free 2 be,Depth Competition,2016-09-24
5,6,Ariel Kedmi (ISR),M,FIM,,00:00,60 m,60 m,WHITE,60.0,-,Free 2 be,Depth Competition,2016-09-24
6,7,Yair Zucker (ISR),M,FIM,,00:00,51 m,51 m,WHITE,51.0,-,Free 2 be,Depth Competition,2016-09-24
7,8,Tom Peled (ISR),M,FIM,,00:00,55 m,55 m,WHITE,55.0,-,Free 2 be,Depth Competition,2016-09-24
8,9,Ivan Chumis (ISR),M,FIM,,00:00,32 m,32 m,WHITE,32.0,-,Free 2 be,Depth Competition,2016-09-24
9,10,Stasia Spizhenko (UKR),F,FIM,,00:00,50 m,50 m,WHITE,50.0,-,Free 2 be,Depth Competition,2016-09-24
10,11,Alex Geyzner (ISR),M,CWT,,00:00,43 m,43 m,WHITE,43.0,-,Free 2 be,Depth Competition,2016-09-24
11,12,Roded Korolczuk (ISR),M,CWT,,00:00,16 m,16 m,WHITE,16.0,-,Free 2 be,Depth Competition,2016-09-24
12,13,Xavier Chavanes (FRA),M,CWT,,00:00,58 m,58 m,WHITE,58.0,-,Free 2 be,Depth Competition,2016-09-24
13,14,Yuval Bracha (ISR),F,FIM,,00:00,40 m,40 m,WHITE,40.0,NR,Free 2 be,Depth Competition,2016-09-24
14,15,Amir Faheralden (SWE),M,FIM,,00:00,44 m,44 m,WHITE,44.0,-,Free 2 be,Depth Competition,2016-09-24
15,16,Elad Anlen (ISR),M,CNF,,00:00,28 m,28 m,RED,0.0,DQ ??,Free 2 be,Depth Competition,2016-09-24
0,1,Rosibel Molina (CUB),F,CNF,,00:00,38 m,38 m,RED,0.0,Dqpull,Blue Element 2016,Depth Competition,2016-11-05
1,2,Johanna Loch-Allen (BRB),F,FIM,,00:00,50 m,50 m,WHITE,50.0,Ok,Blue Element 2016,Depth Competition,2016-11-05
2,3,Helena Beninger (AUT),F,FIM,,00:00,50 m,50 m,WHITE,50.0,Ok,Blue Element 2016,Depth Competition,2016-11-05
3,4,Georgina Miller (GBR),F,CWT,,00:00,58 m,58 m,YELLOW,53.0,Grab,Blue Element 2016,Depth Competition,2016-11-05
4,5,Jon Fane (GBR),M,CWT,,00:00,61 m,61 m,WHITE,61.0,Ok,Blue Element 2016,Depth Competition,2016-11-05
5,6,Sunyoung Kim (KOR),F,FIM,,00:00,61 m,61 m,RED,0.0,Dqbo-surface,Blue Element 2016,Depth Competition,2016-11-05
6,7,Nicolas Aubry (FRA),M,CNF,,00:00,63 m,57 m,YELLOW,50.0,No tag,Blue Element 2016,Depth Competition,2016-11-05
7,8,Sophie Jacquin (FRA),F,CWT,,00:00,77 m,77 m,WHITE,77.0,Ok,Blue Element 2016,Depth Competition,2016-11-05
8,9,Sofia Gomez (COL),F,CWT,,00:00,83 m,83 m,WHITE,83.0,Ok,Blue Element 2016,Depth Competition,2016-11-05
0,1,Johanna Loch-Allen (BRB),F,CWT,,00:00,46 m,46 m,WHITE,46.0,Ok,Blue Element 2016,Depth Competition,2016-11-07
1,2,Rosibel Molina (CUB),F,FIM,,00:00,52 m,52 m NR,WHITE,52.0,Ok,Blue Element 2016,Depth Competition,2016-11-07
2,3,Helena Beninger (AUT),F,FIM,,00:00,54 m,54 m,WHITE,54.0,Ok,Blue Element 2016,Depth Competition,2016-11-07
3,4,Sunyoung Kim (KOR),F,CWT,,00:00,55 m,55 m,WHITE,55.0,Ok,Blue Element 2016,Depth Competition,2016-11-07
4,5,Sofia Gomez (COL),F,CNF,,00:00,58 m,58 m,WHITE,58.0,Ok,Blue Element 2016,Depth Competition,2016-11-07
5,6,Jon Fane (GBR),M,FIM,,00:00,72 m,66 m,YELLOW,59.0,"No tag,under ap",Blue Element 2016,Depth Competition,2016-11-07
6,7,Jonathan Sunnex (NZL),M,FIM,,00:00,75 m,75 m,WHITE,75.0,Ok,Blue Element 2016,Depth Competition,2016-11-07
7,8,Dean Chaouche (GBR),M,CNF,,00:00,78 m,78 m,WHITE,78.0,Ok,Blue Element 2016,Depth Competition,2016-11-07
8,9,Sophie Jacquin (FRA),F,CWT,,00:00,80 m,80 m,WHITE,80.0,Ok,Blue Element 2016,Depth Competition,2016-11-07
9,10,Nicolas Girardin (FRA),M,CWT,,00:00,89 m,89 m,WHITE,89.0,Ok,Blue Element 2016,Depth Competition,2016-11-07
10,11,Adam Stern (AUS),M,CWT,,00:00,104 m,104 m,WHITE,104.0,Ok,Blue Element 2016,Depth Competition,2016-11-07
0,1,Rosibel Molina (CUB),F,CNF,,00:00,41 m,41 m,WHITE,41.0,Ok,Blue Element 2016,Depth Competition,2016-11-08
1,2,Nicolas Girardin (FRA),M,CNF,,00:00,50 m,50 m,WHITE,50.0,Ok,Blue Element 2016,Depth Competition,2016-11-08
2,3,Johanna Loch-Allen (BRB),F,FIM,,00:00,54 m,54 m NR,WHITE,54.0,Ok,Blue Element 2016,Depth Competition,2016-11-08
3,4,Helena Beninger (AUT),F,FIM,,00:00,57 m,57 m,WHITE,57.0,Ok,Blue Element 2016,Depth Competition,2016-11-08
4,5,Sunyoung Kim (KOR),F,CWT,,00:00,58 m,58 m,WHITE,58.0,Ok,Blue Element 2016,Depth Competition,2016-11-08
5,6,Georgina Miller (GBR),F,CWT,,00:00,58 m,50 m,YELLOW,41.0,No tag,Blue Element 2016,Depth Competition,2016-11-08
6,7,Jon Fane (GBR),M,FIM,,00:00,72 m,72 m,WHITE,72.0,Ok,Blue Element 2016,Depth Competition,2016-11-08
7,8,Jonathan Sunnex (NZL),M,CWT,,00:00,76 m,76 m,WHITE,76.0,Ok,Blue Element 2016,Depth Competition,2016-11-08
8,9,Sofia Gomez (COL),F,FIM,,00:00,82 m,82 m,WHITE,82.0,Ok,Blue Element 2016,Depth Competition,2016-11-08
9,10,Sophie Jacquin (FRA),F,CWT,,00:00,83 m,83 m,WHITE,83.0,Ok,Blue Element 2016,Depth Competition,2016-11-08
10,11,Dean Chaouche (GBR),M,FIM,,00:00,91 m,91 m,WHITE,91.0,Ok,Blue Element 2016,Depth Competition,2016-11-08
0,1,Rosibel Molina (CUB),F,FIM,,00:00,56 m,56 m,RED,0.0,Dqother,Blue Element 2016,Depth Competition,2016-11-10
1,2,Sophie Jacquin (FRA),F,FIM,,00:00,76 m,76 m,WHITE,76.0,Ok,Blue Element 2016,Depth Competition,2016-11-10
2,3,Georgina Miller (GBR),F,CWT,,00:00,57 m,53 m,YELLOW,48.0,"No tag,under ap",Blue Element 2016,Depth Competition,2016-11-10
3,4,Sunyoung Kim (KOR),F,CWT,,00:00,61 m,61 m,WHITE,61.0,Ok,Blue Element 2016,Depth Competition,2016-11-10
4,5,Adam Stern (AUS),M,CWT,,00:00,107 m,53 m,YELLOW,0.0,"No tag,under ap",Blue Element 2016,Depth Competition,2016-11-10
5,6,Mathieu Maraio (FRA),M,CNF,,00:00,55 m,55 m,WHITE,55.0,Ok,Blue Element 2016,Depth Competition,2016-11-10
6,7,Jonathan Sunnex (NZL),M,CNF,,00:00,52 m,52 m,WHITE,52.0,Ok,Blue Element 2016,Depth Competition,2016-11-10
7,8,Jon Fane (GBR),M,FIM,,00:00,75 m,70 m,YELLOW,64.0,No tag,Blue Element 2016,Depth Competition,2016-11-10
8,9,Nicolas Girardin (FRA),M,FIM,,00:00,68 m,68 m,WHITE,68.0,Ok,Blue Element 2016,Depth Competition,2016-11-10
9,10,Sofia Gomez (COL),F,FIM,,00:00,86 m,86 m CR,WHITE,86.0,Ok,Blue Element 2016,Depth Competition,2016-11-10
0,1,Rosibel Molina (CUB),F,CNF,,00:00,42 m,42 m NR,WHITE,42.0,Ok,Blue Element 2016,Depth Competition,2016-11-11
1,2,Sophie Jacquin (FRA),F,CWT,,00:00,42 m,42 m,WHITE,42.0,Ok,Blue Element 2016,Depth Competition,2016-11-11
2,3,Johanna Loch-Allen (BRB),F,CWT,,00:00,50 m,50 m,WHITE,50.0,Ok,Blue Element 2016,Depth Competition,2016-11-11
3,4,Nicolas Girardin (FRA),M,CNF,,00:00,56 m,56 m,WHITE,56.0,Ok,Blue Element 2016,Depth Competition,2016-11-11
4,5,Helena Beninger (AUT),F,FIM,,00:00,60 m,52 m,YELLOW,43.0,"No tag,under ap",Blue Element 2016,Depth Competition,2016-11-11
5,6,Sunyoung Kim (KOR),F,CWT,,00:00,64 m,64 m,WHITE,64.0,Ok,Blue Element 2016,Depth Competition,2016-11-11
6,7,Jon Fane (GBR),M,FIM,,00:00,75 m,75 m,WHITE,75.0,Ok,Blue Element 2016,Depth Competition,2016-11-11
7,8,Mathieu Maraio (FRA),M,FIM,,00:00,80 m,80 m,WHITE,80.0,Ok,Blue Element 2016,Depth Competition,2016-11-11
8,9,Sofia Gomez (COL),F,FIM,,00:00,90 m,90 m,RED,0.0,Dqbo-surface,Blue Element 2016,Depth Competition,2016-11-11
9,10,Adam Stern (AUS),M,FIM,,00:00,90 m,90 m,WHITE,90.0,Ok,Blue Element 2016,Depth Competition,2016-11-11
10,11,Dean Chaouche (GBR),M,CWT,,00:00,104 m,104 m,RED,0.0,Dqbo-surface,Blue Element 2016,Depth Competition,2016-11-11
0,1,Jessea Wenjie Lu (CHN),F,STA,,00:00,05:00,08:01 NR,WHITE,96.2,Chinese National Record,PFI International Pool Competition  ,Pool Competition,2016-08-27
0,1,Jessea Wenjie Lu (CHN),F,DYN,,00:00,3 m,177 m,WHITE,88.5,Chinese National Record,PFI International Pool Competition  ,Pool Competition,2016-08-28
0,1,Abdu Alraheem Al Ghailani (OMN),M,STA,,00:00,05:15,04:07,YELLOW,26.4,-,SFA POOL COMPETITION 2016,Pool Competition,2016-08-19
1,2,Rodrigo Villalobos (MEX),M,STA,,00:00,04:30,04:20,YELLOW,50.0,-,SFA POOL COMPETITION 2016,Pool Competition,2016-08-19
2,3,Abdullah Alfarsi (OMN),M,STA,,00:00,04:30,05:48,RED,0.0,DQDIP,SFA POOL COMPETITION 2016,Pool Competition,2016-08-19
3,4,Tariq Alzuhairi (SAU),M,STA,,00:00,04:00,06:05,WHITE,73.0,NATIONAL RECORD,SFA POOL COMPETITION 2016,Pool Competition,2016-08-19
4,5,Jameel Qurban (PAK),M,STA,,00:00,02:45,04:13 NR,WHITE,50.6,NATIONAL RECORD,SFA POOL COMPETITION 2016,Pool Competition,2016-08-19
5,6,Mahmoud Zakaria (SYR),M,STA,,00:00,02:45,02:00,RED,0.0,DQSP,SFA POOL COMPETITION 2016,Pool Competition,2016-08-19
6,7,Hasan Al-Haj Mohammad (SYR),M,STA,,00:00,02:10,05:11,WHITE,62.2,NATIONAL RECORD,SFA POOL COMPETITION 2016,Pool Competition,2016-08-19
7,8,Fayyad Tarek (PSE),M,STA,,00:00,02:00,04:45,WHITE,57.0,NATIONAL RECORD,SFA POOL COMPETITION 2016,Pool Competition,2016-08-19
8,9,Ishaq Alfarsi (AFG),M,STA,,00:00,02:00,05:03,RED,0.0,DQSP,SFA POOL COMPETITION 2016,Pool Competition,2016-08-19
9,10,Ahmed Mukhtar Saeed (EGY),M,STA,,00:00,02:00,04:44,WHITE,56.8,-,SFA POOL COMPETITION 2016,Pool Competition,2016-08-19
10,11,Ahmed Mukhtar Saeed (EGY),M,DYN,,00:00,65 m,100 m,RED,0.0,DQBO,SFA POOL COMPETITION 2016,Pool Competition,2016-08-19
11,12,Hasan Al-Haj Mohammad (SYR),M,DYN,,00:00,40 m,53 m,RED,0.0,DQSP,SFA POOL COMPETITION 2016,Pool Competition,2016-08-19
12,13,Abdu Alraheem Al Ghailani (OMN),M,DYN,,00:00,35 m,57 m,RED,0.0,DQSP,SFA POOL COMPETITION 2016,Pool Competition,2016-08-19
13,14,Jameel Qurban (PAK),M,DYN,,00:00,10 m,0 m,RED,0.0,DNS ( DID NOT SHOW ),SFA POOL COMPETITION 2016,Pool Competition,2016-08-19
14,15,Ishaq Alfarsi (AFG),M,DYN,,00:00,1 m,89 m,WHITE,44.5,NATIONAL RECORD,SFA POOL COMPETITION 2016,Pool Competition,2016-08-19
15,16,Mahmoud Zakaria (SYR),M,DYN,,00:00,50 m,0 m,RED,0.0,DQDIP,SFA POOL COMPETITION 2016,Pool Competition,2016-08-19
16,17,Fayyad Tarek (PSE),M,DNF,,00:00,50 m,75 m NR,WHITE,37.5,NATIONAL RECORD,SFA POOL COMPETITION 2016,Pool Competition,2016-08-19
17,18,Yarob Bashraheel (SAU),M,DNF,,00:00,50 m,67 m,RED,0.0,DQSP,SFA POOL COMPETITION 2016,Pool Competition,2016-08-19
18,19,Rodrigo Villalobos (MEX),M,DNF,,00:00,60 m,0 m,RED,0.0,DNS ( DID NOT SHOW,SFA POOL COMPETITION 2016,Pool Competition,2016-08-19
19,20,Abdullah Alfarsi (OMN),M,DNF,,00:00,50 m,0 m,RED,0.0,DNS ( DID NOT SHOW ),SFA POOL COMPETITION 2016,Pool Competition,2016-08-19
0,1,Virginie Mafiodo (FRA),F,CWT,,00:00,32 m,32 m,WHITE,32.0,-,2016 Yazbeck China Depth National Championship,Depth Competition,2016-08-15
1,2,Aolin Wang (CHN),M,CWT,,00:00,96 m,96 m,WHITE,96.0,NR,2016 Yazbeck China Depth National Championship,Depth Competition,2016-08-15
2,3,Chao Shen (CHN),M,CWT,,00:00,78 m,78 m,RED,0.0,DQ BO,2016 Yazbeck China Depth National Championship,Depth Competition,2016-08-15
3,4,Jin Yi Zhu (CHN),M,FIM,,00:00,83 m,83 m,WHITE,83.0,-,2016 Yazbeck China Depth National Championship,Depth Competition,2016-08-15
4,5,Joan Capdevila (ESP),M,FIM,,00:00,68 m,68 m,WHITE,68.0,,2016 Yazbeck China Depth National Championship,Depth Competition,2016-08-15
0,1,Virginie Mafiodo (FRA),F,FIM,,00:00,42 m,42 m,WHITE,42.0,-,2016 Yazbeck China Depth National Championship,Depth Competition,2016-08-16
1,2,Jin Yi Zhu (CHN),M,FIM,,00:00,86 m,86 m,RED,0.0,DQ BO,2016 Yazbeck China Depth National Championship,Depth Competition,2016-08-16
2,3,Joan Capdevila (ESP),M,FIM,,00:00,72 m,72 m,WHITE,72.0,-,2016 Yazbeck China Depth National Championship,Depth Competition,2016-08-16
3,4,Chao Shen (CHN),M,CWT,,00:00,78 m,78 m,RED,0.0,DQ BO,2016 Yazbeck China Depth National Championship,Depth Competition,2016-08-16
0,1,Marc Casty (CHE),M,CWT,,00:00,31 m,24 m,YELLOW,16.0,-,Schweizer Meisterschaft im Tieftauchen 2016 / Swiss Deepdiving Championship 2016,Depth Competition,2016-09-24
1,2,Christian Langer (CHE),M,CWT,,00:00,53 m,53 m,WHITE,53.0,-,Schweizer Meisterschaft im Tieftauchen 2016 / Swiss Deepdiving Championship 2016,Depth Competition,2016-09-24
2,3,Iwan Gojnik (CHE),M,CWT,,00:00,50 m,50 m,RED,0.0,DQSP,Schweizer Meisterschaft im Tieftauchen 2016 / Swiss Deepdiving Championship 2016,Depth Competition,2016-09-24
3,4,Florian Pedroletti (CHE),M,CWT,,00:00,46 m,46 m,WHITE,46.0,-,Schweizer Meisterschaft im Tieftauchen 2016 / Swiss Deepdiving Championship 2016,Depth Competition,2016-09-24
4,5,Gysin Philippe (CHE),M,CWT,,00:00,38 m,38 m,WHITE,38.0,-,Schweizer Meisterschaft im Tieftauchen 2016 / Swiss Deepdiving Championship 2016,Depth Competition,2016-09-24
0,1,Mikhail Reshetnikov (RUS),M,STA,,00:00,00:01,06:20,RED,0.0,DQ BO,Moscow Summer Apnea Evening,Pool Competition,2016-08-26
1,2,(),F,STA,,00:00,01:45,03:35,WHITE,43.0,-,Moscow Summer Apnea Evening,Pool Competition,2016-08-26
2,3,Sergey Bugrov (RUS),M,STA,,00:00,03:00,05:13,WHITE,62.6,-,Moscow Summer Apnea Evening,Pool Competition,2016-08-26
3,4,Roman Bychkov (RUS),M,STA,,00:00,03:11,05:26,WHITE,65.2,-,Moscow Summer Apnea Evening,Pool Competition,2016-08-26
4,5,Aleksandr Kuptsov (RUS),M,STA,,00:00,05:10,05:40,WHITE,68.0,-,Moscow Summer Apnea Evening,Pool Competition,2016-08-26
5,6,Anatoly Makhov (RUS),M,STA,,00:00,04:03,05:45,WHITE,69.0,-,Moscow Summer Apnea Evening,Pool Competition,2016-08-26
6,7,Andrey Tarasov (RUS),M,STA,,00:00,03:33,05:54,WHITE,70.8,-,Moscow Summer Apnea Evening,Pool Competition,2016-08-26
7,8,Igor Demchishin (RUS),M,STA,,00:00,05:41,07:43,WHITE,92.6,-,Moscow Summer Apnea Evening,Pool Competition,2016-08-26
8,9,Tatiana Petrova (RUS),M,STA,,00:00,04:07,05:04,RED,0.0,DQ Touch,Moscow Summer Apnea Evening,Pool Competition,2016-08-26
9,10,Eugenia Kamaeva (RUS),F,STA,,00:00,02:00,03:16,WHITE,39.2,-,Moscow Summer Apnea Evening,Pool Competition,2016-08-26
10,11,Tatiana Gusarova (RUS),F,STA,,00:00,03:30,04:03,WHITE,48.6,-,Moscow Summer Apnea Evening,Pool Competition,2016-08-26
11,12,Galina Taranukha (RUS),F,STA,,00:00,04:00,04:43,WHITE,56.6,-,Moscow Summer Apnea Evening,Pool Competition,2016-08-26
12,13,Rodion Murovets (RUS),M,STA,,00:00,04:30,04:35,WHITE,55.0,-,Moscow Summer Apnea Evening,Pool Competition,2016-08-26
13,14,Anna Kukolnikova (RUS),F,STA,,00:00,02:00,02:30,WHITE,30.0,-,Moscow Summer Apnea Evening,Pool Competition,2016-08-26
14,15,Oleg Rodionov (RUS),M,STA,,00:00,03:30,05:20,WHITE,64.0,-,Moscow Summer Apnea Evening,Pool Competition,2016-08-26
15,16,Alexey Rogatsky (RUS),M,STA,,00:00,03:00,05:25,WHITE,65.0,-,Moscow Summer Apnea Evening,Pool Competition,2016-08-26
16,17,Yulia Geller (SWE),F,STA,,00:00,04:05,04:18,WHITE,51.6,-,Moscow Summer Apnea Evening,Pool Competition,2016-08-26
17,18,Alexey Lobanov (RUS),M,STA,,00:00,01:00,03:16,RED,0.0,DQ SP,Moscow Summer Apnea Evening,Pool Competition,2016-08-26
0,1,Jaakko Keskitalo (FIN),M,CWT,,00:00,50 m,50 m,WHITE,50.0,-,Asikkala Depth Challenge 2016,Depth Competition,2016-08-21
1,2,Soteris Georgiou (CYP),M,CWT,,00:00,35 m,35 m,WHITE,35.0,-,Asikkala Depth Challenge 2016,Depth Competition,2016-08-21
2,3,Jyri Vehmaskoski (FIN),M,CWT,,00:00,53 m,53 m,RED,0.0,DQ SP,Asikkala Depth Challenge 2016,Depth Competition,2016-08-21
3,4,Mikko Pöntinen (FIN),M,CNF,,00:00,40 m,40 m,WHITE,40.0,-,Asikkala Depth Challenge 2016,Depth Competition,2016-08-21
4,5,Lauri Aalto (FIN),M,FIM,,00:00,47 m,47 m,WHITE,47.0,-,Asikkala Depth Challenge 2016,Depth Competition,2016-08-21
5,6,Erki Enkvist (EST),M,FIM,,00:00,46 m,46 m,WHITE,46.0,NR,Asikkala Depth Challenge 2016,Depth Competition,2016-08-21
6,7,Kristian Mäki-Jussila (FIN),M,FIM,,00:00,50 m,50 m,WHITE,50.0,-,Asikkala Depth Challenge 2016,Depth Competition,2016-08-21
7,8,Paula Hietanen (FIN),F,FIM,,00:00,30 m,30 m,WHITE,30.0,-,Asikkala Depth Challenge 2016,Depth Competition,2016-08-21
8,9,Noora Norokytö (FIN),F,FIM,,00:00,27 m,27 m,WHITE,27.0,-,Asikkala Depth Challenge 2016,Depth Competition,2016-08-21
0,1,Sunyoung Kim (KOR),F,CWT,,00:00,60 m,60 m,WHITE,60.0,Ok,August Qualifier Competition,Depth Competition,2016-08-15
0,1,Sunyoung Kim (KOR),F,FIM,,00:00,56 m,56 m,WHITE,56.0,Ok,August Qualifier Competition,Depth Competition,2016-08-16
1,2,Michel Filinis2 (BRA),M,FIM,,00:00,52 m,52 m,WHITE,52.0,Ok,August Qualifier Competition,Depth Competition,2016-08-16
0,1,Michel Filinis2 (BRA),M,FIM,,00:00,55 m,55 m,WHITE,55.0,Ok,August Qualifier Competition,Depth Competition,2016-08-17
0,1,Maxime Gardien (FRA),M,FIM,,00:00,67 m,67 m,WHITE,67.0,Ok,August Qualifier Competition,Depth Competition,2016-08-18
0,1,Robert Grošeta (SVN),M,DYN,,00:00,1 m,166 m,WHITE,83.0,OK,Hydro Dynamic 2016 by SALVIMAR ,Pool Competition,2016-10-29
1,2,Martin Cernek (AUT),M,DYN,,00:00,75 m,100 m,WHITE,50.0,OK,Hydro Dynamic 2016 by SALVIMAR ,Pool Competition,2016-10-29
2,3,Alena Konecna (CZE),F,DYN,,00:00,1 m,166 m,WHITE,83.0,OK,Hydro Dynamic 2016 by SALVIMAR ,Pool Competition,2016-10-29
3,4,Miroslav Sevcik (CZE),M,DYN,,00:00,155 m,190 m,WHITE,95.0,OK,Hydro Dynamic 2016 by SALVIMAR ,Pool Competition,2016-10-29
4,5,Agnieszka Kalska (POL),F,DYN,,00:00,1 m,167 m,WHITE,83.5,OK,Hydro Dynamic 2016 by SALVIMAR ,Pool Competition,2016-10-29
5,6,Stephanie Rendl (AUT),F,DYN,,00:00,101 m,119 m,WHITE,59.5,OK,Hydro Dynamic 2016 by SALVIMAR ,Pool Competition,2016-10-29
6,7,Jens Stoetzner (DEU),M,DYN,,00:00,101 m,187 m,WHITE,93.5,OK,Hydro Dynamic 2016 by SALVIMAR ,Pool Competition,2016-10-29
7,8,Thomas Oberhuber (AUT),M,DYN,,00:00,1 m,150 m,WHITE,75.0,OK,Hydro Dynamic 2016 by SALVIMAR ,Pool Competition,2016-10-29
8,9,Ralph Staudigl (AUT),M,DYN,,00:00,2 m,103 m,WHITE,51.5,OK,Hydro Dynamic 2016 by SALVIMAR ,Pool Competition,2016-10-29
9,10,Walter Mannsberger (AUT),M,DYN,,00:00,50 m,100 m,WHITE,50.0,OK,Hydro Dynamic 2016 by SALVIMAR ,Pool Competition,2016-10-29
10,11,Markus Wurm (AUT),M,DYN,,00:00,50 m,110 m,WHITE,55.0,OK,Hydro Dynamic 2016 by SALVIMAR ,Pool Competition,2016-10-29
11,12,Martin Valenta (CZE),M,DYN,,00:00,51 m,273 m NR,WHITE,136.5,OK NR,Hydro Dynamic 2016 by SALVIMAR ,Pool Competition,2016-10-29
12,13,Veronika Dittes (AUT),F,DYN,,00:00,50 m,100 m,WHITE,50.0,OK,Hydro Dynamic 2016 by SALVIMAR ,Pool Competition,2016-10-29
13,14,Barbara Jeschke (DEU),F,DYN,,00:00,111 m,134 m,WHITE,67.0,OK,Hydro Dynamic 2016 by SALVIMAR ,Pool Competition,2016-10-29
14,15,Martin Cernek (AUT),M,STA,,00:00,03:30,05:10,WHITE,62.0,OK,Hydro Dynamic 2016 by SALVIMAR ,Pool Competition,2016-10-29
15,16,Alena Konecna (CZE),F,STA,,00:00,00:01,05:40,WHITE,68.0,OK,Hydro Dynamic 2016 by SALVIMAR ,Pool Competition,2016-10-29
16,17,Miroslav Sevcik (CZE),M,STA,,00:00,03:00,05:00,WHITE,60.0,OK,Hydro Dynamic 2016 by SALVIMAR ,Pool Competition,2016-10-29
17,18,Robert Grošeta (SVN),M,STA,,00:00,04:00,00:00,RED,0.0,DQSP,Hydro Dynamic 2016 by SALVIMAR ,Pool Competition,2016-10-29
18,19,Martin Valenta (CZE),M,STA,,00:00,05:01,08:40,WHITE,104.0,OK,Hydro Dynamic 2016 by SALVIMAR ,Pool Competition,2016-10-29
19,20,Agnieszka Kalska (POL),F,STA,,00:00,00:01,05:25,WHITE,65.0,OK,Hydro Dynamic 2016 by SALVIMAR ,Pool Competition,2016-10-29
20,21,Barbara Jeschke (DEU),F,STA,,00:00,04:01,04:39,WHITE,55.8,OK,Hydro Dynamic 2016 by SALVIMAR ,Pool Competition,2016-10-29
21,22,Stephanie Rendl (AUT),F,STA,,00:00,04:45,05:18,WHITE,63.6,OK,Hydro Dynamic 2016 by SALVIMAR ,Pool Competition,2016-10-29
22,23,Veronika Dittes (AUT),F,STA,,00:00,04:30,07:00,WHITE,84.0,OK,Hydro Dynamic 2016 by SALVIMAR ,Pool Competition,2016-10-29
23,24,Jens Stoetzner (DEU),M,STA,,00:00,05:01,06:10,WHITE,74.0,OK,Hydro Dynamic 2016 by SALVIMAR ,Pool Competition,2016-10-29
24,25,Thomas Oberhuber (AUT),M,STA,,00:00,00:01,05:05,WHITE,61.0,OK,Hydro Dynamic 2016 by SALVIMAR ,Pool Competition,2016-10-29
25,26,Ralph Staudigl (AUT),M,STA,,00:00,04:00,05:31,WHITE,66.2,OK,Hydro Dynamic 2016 by SALVIMAR ,Pool Competition,2016-10-29
26,27,Walter Mannsberger (AUT),M,STA,,00:00,01:00,02:06,WHITE,25.2,OK,Hydro Dynamic 2016 by SALVIMAR ,Pool Competition,2016-10-29
27,28,Markus Wurm (AUT),M,STA,,00:00,04:30,05:47,WHITE,69.4,OK,Hydro Dynamic 2016 by SALVIMAR ,Pool Competition,2016-10-29
0,1,Frank Pernett (SWE),M,CWT,,00:00,47 m,47 m,WHITE,47.0,-,COPA AIDA DELPHINUS 2016,Depth Competition,2016-11-20
1,2,David Velásquez (COL),M,FIM,,00:00,53 m,46 m,YELLOW,38.0,-,COPA AIDA DELPHINUS 2016,Depth Competition,2016-11-20
2,3,Ian Almasi (USA),M,FIM,,00:00,45 m,31 m,YELLOW,16.0,-,COPA AIDA DELPHINUS 2016,Depth Competition,2016-11-20
3,4,Katherine Marroquin (COL),F,FIM,,00:00,35 m,27 m,RED,0.0,DQ SP,COPA AIDA DELPHINUS 2016,Depth Competition,2016-11-20
0,1,David Velásquez (COL),M,CWT,,00:00,50 m,50 m,WHITE,50.0,-,COPA AIDA DELPHINUS 2016,Depth Competition,2016-11-21
1,2,Ian Almasi (USA),M,CWT,,00:00,40 m,40 m,WHITE,40.0,-,COPA AIDA DELPHINUS 2016,Depth Competition,2016-11-21
2,3,Frank Pernett (SWE),M,CNF,,00:00,45 m,45 m,WHITE,45.0,-,COPA AIDA DELPHINUS 2016,Depth Competition,2016-11-21
3,4,Katherine Marroquin (COL),F,FIM,,00:00,35 m,35 m,WHITE,35.0,-,COPA AIDA DELPHINUS 2016,Depth Competition,2016-11-21
0,1,Ian Almasi (USA),M,CWT,,00:00,45 m,45 m,WHITE,45.0,-,COPA AIDA DELPHINUS 2016,Depth Competition,2016-11-22
1,2,David Velásquez (COL),M,CNF,,00:00,48 m,48 m,WHITE,48.0,-,COPA AIDA DELPHINUS 2016,Depth Competition,2016-11-22
2,3,Frank Pernett (SWE),M,FIM,,00:00,50 m,50 m,WHITE,50.0,-,COPA AIDA DELPHINUS 2016,Depth Competition,2016-11-22
3,4,Katherine Marroquin (COL),F,FIM,,00:00,38 m,18 m,YELLOW,0.0,"Short, no tag",COPA AIDA DELPHINUS 2016,Depth Competition,2016-11-22
0,1,Frank Pernett (SWE),M,CWT,,00:00,50 m,50 m,WHITE,50.0,-,COPA AIDA DELPHINUS 2016,Depth Competition,2016-11-23
1,2,Carlos Correa (COL),M,CNF,,00:00,53 m,53 m,WHITE,53.0,-,COPA AIDA DELPHINUS 2016,Depth Competition,2016-11-23
2,3,Ian Almasi (USA),M,FIM,,00:00,41 m,41 m,WHITE,41.0,-,COPA AIDA DELPHINUS 2016,Depth Competition,2016-11-23
3,4,David Velásquez (COL),M,FIM,,00:00,55 m,55 m,WHITE,55.0,-,COPA AIDA DELPHINUS 2016,Depth Competition,2016-11-23
4,5,Sebastian Alamoso (CHL),M,FIM,,00:00,44 m,44 m,WHITE,44.0,-,COPA AIDA DELPHINUS 2016,Depth Competition,2016-11-23
0,1,Carlos Correa (COL),M,FIM,,00:00,55 m,55 m,WHITE,55.0,-,COPA AIDA DELPHINUS 2016,Depth Competition,2016-11-24
1,2,David Velásquez (COL),M,FIM,,00:00,56 m,56 m,WHITE,56.0,-,COPA AIDA DELPHINUS 2016,Depth Competition,2016-11-24
2,3,Katherine Marroquin (COL),F,FIM,,00:00,38 m,38 m,WHITE,38.0,-,COPA AIDA DELPHINUS 2016,Depth Competition,2016-11-24
3,4,Ian Almasi (USA),M,FIM,,00:00,47 m,47 m,WHITE,47.0,-,COPA AIDA DELPHINUS 2016,Depth Competition,2016-11-24
4,5,Frank Pernett (SWE),M,CNF,,00:00,48 m,0 m,RED,0.0,DNS,COPA AIDA DELPHINUS 2016,Depth Competition,2016-11-24
0,1,Ian Almasi (USA),M,CNF,,00:00,30 m,21 m,RED,0.0,DQ SP,COPA AIDA DELPHINUS 2016,Depth Competition,2016-11-25
1,2,Frank Pernett (SWE),M,FIM,,00:00,53 m,53 m,WHITE,53.0,-,COPA AIDA DELPHINUS 2016,Depth Competition,2016-11-25
2,3,Katherine Marroquin (COL),F,FIM,,00:00,40 m,23 m,WHITE,5.0,"Short, no tag",COPA AIDA DELPHINUS 2016,Depth Competition,2016-11-25
3,4,David Velásquez (COL),M,CWT,,00:00,53 m,53 m,WHITE,53.0,-,COPA AIDA DELPHINUS 2016,Depth Competition,2016-11-25
0,1,Jae Woong Yang (KOR),M,DYN,,00:00,125 m,125 m,YELLOW,57.5,Pushing,KAJA cup POOL Competition,Pool Competition,2016-08-28
1,2,Hyewon Leem (KOR),F,STA,,00:00,03:00,02:23,YELLOW,20.6,AP>RP,KAJA cup POOL Competition,Pool Competition,2016-08-28
2,3,Nayoung Lee (KOR),F,STA,,00:00,03:00,03:19,WHITE,39.8,-,KAJA cup POOL Competition,Pool Competition,2016-08-28
3,4,Jiwon Choi (KOR),F,STA,,00:00,04:00,04:14,WHITE,50.8,-,KAJA cup POOL Competition,Pool Competition,2016-08-28
4,5,Yong Jae Lee (KOR),M,DNF,,00:00,81 m,83 m,WHITE,41.5,-,KAJA cup POOL Competition,Pool Competition,2016-08-28
5,6,June Hyuk Lee (KOR),M,DNF,,00:00,80 m,116 m,RED,0.0,Double deep,KAJA cup POOL Competition,Pool Competition,2016-08-28
6,7,Kyeong Yeol Kim (KOR),M,DNF,,00:00,60 m,75 m,RED,0.0,SP over 15sec,KAJA cup POOL Competition,Pool Competition,2016-08-28
0,1,Julia Kozerska (POL),F,DNF,,00:00,25 m,131 m,WHITE,65.5,-,MiniComp Brno 2016,Pool Competition,2016-11-26
1,2,Magdalena Solich-Talanda (POL),F,DNF,,00:00,120 m,150 m,WHITE,75.0,-,MiniComp Brno 2016,Pool Competition,2016-11-26
2,3,Ralph Staudigl (AUT),M,DNF,,00:00,2 m,80 m,WHITE,40.0,-,MiniComp Brno 2016,Pool Competition,2016-11-26
3,4,Antons Krauklis (LVA),M,DNF,,00:00,51 m,83 m,WHITE,41.5,-,MiniComp Brno 2016,Pool Competition,2016-11-26
4,5,Robert Tasic (SVN),M,DNF,,00:00,51 m,103 m,WHITE,51.5,-,MiniComp Brno 2016,Pool Competition,2016-11-26
5,6,Jan Melichar (CZE),M,DNF,,00:00,111 m,130 m,WHITE,65.0,-,MiniComp Brno 2016,Pool Competition,2016-11-26
6,7,Kamil Vyštejn (CZE),M,DNF,,00:00,125 m,139 m,WHITE,69.5,-,MiniComp Brno 2016,Pool Competition,2016-11-26
7,8,Mateusz Malina (POL),M,DNF,,00:00,175 m,192 m,WHITE,96.0,-,MiniComp Brno 2016,Pool Competition,2016-11-26
8,9,Natalia Ovodova (RUS),F,DNF,,00:00,135 m,99 m,YELLOW,31.5,Short,MiniComp Brno 2016,Pool Competition,2016-11-26
9,10,Barbora Ivanska (CZE),F,DNF,,00:00,1 m,137 m,WHITE,68.5,National record,MiniComp Brno 2016,Pool Competition,2016-11-26
10,11,Peter Durdik (SVK),M,STA,,00:00,01:00,08:16,WHITE,99.2,-,MiniComp Brno 2016,Pool Competition,2016-11-26
11,12,Martin Valenta (CZE),M,STA,,00:00,00:01,09:05,WHITE,109.0,National Record,MiniComp Brno 2016,Pool Competition,2016-11-26
12,13,Gabriela Grézlová (CZE),F,STA,,00:00,05:45,03:42,RED,0.0,Surface protocol,MiniComp Brno 2016,Pool Competition,2016-11-26
13,14,Julia Kozerska (POL),F,STA,,00:00,00:01,05:05,WHITE,61.0,-,MiniComp Brno 2016,Pool Competition,2016-11-26
14,15,Magdalena Solich-Talanda (POL),F,STA,,00:00,00:15,05:41,WHITE,68.2,-,MiniComp Brno 2016,Pool Competition,2016-11-26
15,16,Radek Veverka (CZE),M,STA,,00:00,00:01,05:30,RED,0.0,"DQ, touch",MiniComp Brno 2016,Pool Competition,2016-11-26
16,17,Antons Krauklis (LVA),M,STA,,00:00,00:31,04:01,WHITE,48.2,-,MiniComp Brno 2016,Pool Competition,2016-11-26
17,18,Ralph Staudigl (AUT),M,STA,,00:00,04:00,04:46,WHITE,57.2,-,MiniComp Brno 2016,Pool Competition,2016-11-26
18,19,Michal Svadlenka (CZE),M,STA,,00:00,04:00,05:12,WHITE,62.4,-,MiniComp Brno 2016,Pool Competition,2016-11-26
19,20,Jan Melichar (CZE),M,STA,,00:00,05:20,05:24,WHITE,64.8,-,MiniComp Brno 2016,Pool Competition,2016-11-26
20,21,Kamil Vyštejn (CZE),M,STA,,00:00,05:00,05:31,WHITE,66.2,-,MiniComp Brno 2016,Pool Competition,2016-11-26
21,22,Robert Tasic (SVN),M,STA,,00:00,00:35,05:41,WHITE,68.2,-,MiniComp Brno 2016,Pool Competition,2016-11-26
22,23,Mateusz Malina (POL),M,STA,,00:00,00:01,07:39,WHITE,91.8,-,MiniComp Brno 2016,Pool Competition,2016-11-26
23,24,Barbara Jeschke (DEU),F,STA,,00:00,04:01,04:22,WHITE,52.4,-,MiniComp Brno 2016,Pool Competition,2016-11-26
24,25,Natalia Ovodova (RUS),F,STA,,00:00,04:20,04:31,WHITE,54.2,-,MiniComp Brno 2016,Pool Competition,2016-11-26
25,26,Vendula Strachotová (CZE),F,STA,,00:00,05:02,04:50,YELLOW,55.0,-,MiniComp Brno 2016,Pool Competition,2016-11-26
26,27,Barbora Ivanska (CZE),F,STA,,00:00,00:01,05:21,WHITE,64.2,-,MiniComp Brno 2016,Pool Competition,2016-11-26
27,28,Peter Durdik (SVK),M,DYN,,00:00,75 m,133 m,WHITE,66.5,-,MiniComp Brno 2016,Pool Competition,2016-11-26
28,29,Martin Valenta (CZE),M,DYN,,00:00,185 m,230 m,WHITE,115.0,-,MiniComp Brno 2016,Pool Competition,2016-11-26
29,30,Gabriela Grézlová (CZE),F,DYN,,00:00,51 m,126 m,WHITE,63.0,-,MiniComp Brno 2016,Pool Competition,2016-11-26
30,31,Julia Kozerska (POL),F,DYN,,00:00,150 m,175 m,WHITE,87.5,-,MiniComp Brno 2016,Pool Competition,2016-11-26
31,32,Radek Veverka (CZE),M,DYN,,00:00,1 m,98 m,RED,0.0,Airways,MiniComp Brno 2016,Pool Competition,2016-11-26
32,33,Ralph Staudigl (AUT),M,DYN,,00:00,50 m,109 m,WHITE,54.5,-,MiniComp Brno 2016,Pool Competition,2016-11-26
33,34,Kamil Vyštejn (CZE),M,DYN,,00:00,150 m,150 m,WHITE,75.0,-,MiniComp Brno 2016,Pool Competition,2016-11-26
34,35,Michal Svadlenka (CZE),M,DYN,,00:00,150 m,171 m,WHITE,85.5,-,MiniComp Brno 2016,Pool Competition,2016-11-26
35,36,Barbara Jeschke (DEU),F,DYN,,00:00,81 m,132 m,WHITE,66.0,-,MiniComp Brno 2016,Pool Competition,2016-11-26
36,37,Barbora Ivanska (CZE),F,DYN,,00:00,180 m,178 m,YELLOW,88.0,Short,MiniComp Brno 2016,Pool Competition,2016-11-26
37,38,Natalia Ovodova (RUS),F,DYN,,00:00,195 m,197 m,WHITE,98.5,-,MiniComp Brno 2016,Pool Competition,2016-11-26
0,1,Avraam Kartapanis (CYP),M,CWT,,00:00,30 m,30 m,WHITE,30.0,-,Infinity Depth Games II,Depth Competition,2016-10-02
1,2,Gal Shtokhamer (ISR),F,CWT,,00:00,44 m,44 m,WHITE,44.0,-,Infinity Depth Games II,Depth Competition,2016-10-02
2,3,Erki Enkvist (EST),M,FIM,,00:00,52 m,52 m,WHITE,52.0,National Record for Estonia,Infinity Depth Games II,Depth Competition,2016-10-02
3,4,Isabel Sanchez Aran (ESP),F,FIM,,00:00,46 m,46 m,WHITE,46.0,National Record for Spain,Infinity Depth Games II,Depth Competition,2016-10-02
4,5,Kyriakos Lefkonitziatis (CYP),M,CNF,,00:00,42 m,33 m,YELLOW,23.0,Short no tag.,Infinity Depth Games II,Depth Competition,2016-10-02
5,6,Maria Sitti (CYP),F,CWT,,00:00,35 m,35 m,RED,0.0,Red DQ AIRWAYS,Infinity Depth Games II,Depth Competition,2016-10-02
6,7,Marinos Kartapanis (CYP),M,FIM,,00:00,30 m,12 m,YELLOW,0.0,Short no Tag.,Infinity Depth Games II,Depth Competition,2016-10-02
0,1,Erki Enkvist (EST),M,CWT,,00:00,51 m,51 m,WHITE,51.0,-,Infinity Depth Games II,Depth Competition,2016-10-03
1,2,Gal Shtokhamer (ISR),F,CWT,,00:00,48 m,42 m,YELLOW,35.0,Short no tag.,Infinity Depth Games II,Depth Competition,2016-10-03
2,3,Erki Enkvist (EST),M,CNF,,00:00,47 m,47 m,WHITE,47.0,National Record for Estonia.,Infinity Depth Games II,Depth Competition,2016-10-03
3,4,Isabel Sanchez Aran (ESP),F,FIM,,00:00,50 m,50 m,WHITE,50.0,National Record for Spain.,Infinity Depth Games II,Depth Competition,2016-10-03
4,5,Gal Shtokhamer (ISR),F,FIM,,00:00,42 m,42 m,WHITE,42.0,National Record for Israel.,Infinity Depth Games II,Depth Competition,2016-10-03
5,6,Ken Tomson (EST),M,FIM,,00:00,31 m,31 m,WHITE,31.0,-,Infinity Depth Games II,Depth Competition,2016-10-03
6,7,Panagiotis Antoniou (CYP),M,CWT,,00:00,40 m,5 m,RED,0.0,RED DQSP,Infinity Depth Games II,Depth Competition,2016-10-03
0,1,Andrey Sidorov (RUS),M,STA,,00:00,03:00,04:10,WHITE,50.0,-,The Second Urals and Siberia Open Freediving Championship,Pool Competition,2017-02-18
1,2,Alexey Larchenko (RUS),M,STA,,00:00,03:00,05:04,WHITE,60.8,-,The Second Urals and Siberia Open Freediving Championship,Pool Competition,2017-02-18
2,3,Ivan Gurkin (RUS),M,STA,,00:00,03:01,05:03,WHITE,60.6,-,The Second Urals and Siberia Open Freediving Championship,Pool Competition,2017-02-18
3,4,Pavel Kulishov (RUS),M,STA,,00:00,03:10,03:32,WHITE,42.4,-,The Second Urals and Siberia Open Freediving Championship,Pool Competition,2017-02-18
4,5,Yuliya Mishchenko (RUS),F,STA,,00:00,03:04,04:06,WHITE,49.2,-,The Second Urals and Siberia Open Freediving Championship,Pool Competition,2017-02-18
5,6,Olga Ponomareva (RUS),F,STA,,00:00,02:00,04:33,RED,0.0,DQ BO,The Second Urals and Siberia Open Freediving Championship,Pool Competition,2017-02-18
6,7,Iuliia Obolkina (RUS),F,STA,,00:00,00:10,04:35,WHITE,55.0,-,The Second Urals and Siberia Open Freediving Championship,Pool Competition,2017-02-18
7,8,Yuri Usachev (RUS),M,STA,,00:00,03:33,04:21,WHITE,52.2,-,The Second Urals and Siberia Open Freediving Championship,Pool Competition,2017-02-18
8,9,Mikhail Voitcekhovskii (RUS),M,STA,,00:00,01:30,01:58,WHITE,23.6,-,The Second Urals and Siberia Open Freediving Championship,Pool Competition,2017-02-18
9,10,Sergey Rudenko (RUS),M,STA,,00:00,01:30,03:08,WHITE,37.6,-,The Second Urals and Siberia Open Freediving Championship,Pool Competition,2017-02-18
10,11,Arsenyi Rudenko (RUS),M,STA,,00:00,01:45,02:27,WHITE,29.4,-,The Second Urals and Siberia Open Freediving Championship,Pool Competition,2017-02-18
11,12,Dmitry Palagachev (RUS),M,STA,,00:00,03:00,03:28,WHITE,41.6,-,The Second Urals and Siberia Open Freediving Championship,Pool Competition,2017-02-18
12,13,Igor Daybov (RUS),M,STA,,00:00,03:00,05:13,YELLOW,61.6,Late start,The Second Urals and Siberia Open Freediving Championship,Pool Competition,2017-02-18
13,14,Igor Golovanov (RUS),M,STA,,00:00,00:10,03:11,WHITE,38.2,-,The Second Urals and Siberia Open Freediving Championship,Pool Competition,2017-02-18
14,15,Anastasiya Somova (RUS),F,STA,,00:00,01:00,04:36,WHITE,55.2,-,The Second Urals and Siberia Open Freediving Championship,Pool Competition,2017-02-18
15,16,Natalia Gosteva (RUS),F,STA,,00:00,02:30,03:02,WHITE,36.4,-,The Second Urals and Siberia Open Freediving Championship,Pool Competition,2017-02-18
16,17,Kristina Kosyankovskaya (RUS),F,STA,,00:00,03:20,02:58,YELLOW,30.6,RP<AP,The Second Urals and Siberia Open Freediving Championship,Pool Competition,2017-02-18
17,18,Mikhail Vernigora (RUS),M,STA,,00:00,03:30,05:11,RED,0.0,DQ SP,The Second Urals and Siberia Open Freediving Championship,Pool Competition,2017-02-18
18,19,Anatoly Makhov (RUS),M,STA,,00:00,03:30,03:33,WHITE,42.6,-,The Second Urals and Siberia Open Freediving Championship,Pool Competition,2017-02-18
19,20,Mikhail Kuznetsov (RUS),M,STA,,00:00,04:30,05:07,RED,0.0,DQ BO,The Second Urals and Siberia Open Freediving Championship,Pool Competition,2017-02-18
20,21,Aleksandr Maksimov (RUS),M,STA,,00:00,05:05,07:33,WHITE,90.6,-,The Second Urals and Siberia Open Freediving Championship,Pool Competition,2017-02-18
21,22,Iuliia Obolkina (RUS),F,DNF,,00:00,10 m,55 m,WHITE,27.5,-,The Second Urals and Siberia Open Freediving Championship,Pool Competition,2017-02-18
22,23,Sergey Rudenko (RUS),M,DNF,,00:00,30 m,51 m,RED,0.0,DQ BO,The Second Urals and Siberia Open Freediving Championship,Pool Competition,2017-02-18
23,24,Andrey Sidorov (RUS),M,DNF,,00:00,35 m,53 m,WHITE,26.5,-,The Second Urals and Siberia Open Freediving Championship,Pool Competition,2017-02-18
24,25,Pavel Kulishov (RUS),M,DNF,,00:00,45 m,68 m,WHITE,34.0,-,The Second Urals and Siberia Open Freediving Championship,Pool Competition,2017-02-18
25,26,Igor Daybov (RUS),M,DNF,,00:00,50 m,61 m,WHITE,30.5,-,The Second Urals and Siberia Open Freediving Championship,Pool Competition,2017-02-18
26,27,Alexey Larchenko (RUS),M,DNF,,00:00,50 m,67 m,RED,0.0,DQ BO,The Second Urals and Siberia Open Freediving Championship,Pool Competition,2017-02-18
27,28,Yuri Usachev (RUS),M,DNF,,00:00,50 m,75 m,WHITE,37.5,-,The Second Urals and Siberia Open Freediving Championship,Pool Competition,2017-02-18
28,29,Yuliya Mishchenko (RUS),F,DNF,,00:00,53 m,57 m,WHITE,28.5,-,The Second Urals and Siberia Open Freediving Championship,Pool Competition,2017-02-18
29,30,Olga Ponomareva (RUS),F,DNF,,00:00,54 m,62 m,WHITE,31.0,-,The Second Urals and Siberia Open Freediving Championship,Pool Competition,2017-02-18
30,31,Ivan Gurkin (RUS),M,DNF,,00:00,61 m,87 m,WHITE,43.5,-,The Second Urals and Siberia Open Freediving Championship,Pool Competition,2017-02-18
31,32,Mikhail Voitcekhovskii (RUS),M,DNF,,00:00,25 m,27 m,WHITE,13.5,-,The Second Urals and Siberia Open Freediving Championship,Pool Competition,2017-02-18
32,33,Dmitry Palagachev (RUS),M,DNF,,00:00,50 m,69 m,WHITE,34.5,-,The Second Urals and Siberia Open Freediving Championship,Pool Competition,2017-02-18
33,34,Aleksander Oshmyaga (RUS),M,DNF,,00:00,1 m,112 m,RED,0.0,DQ BO,The Second Urals and Siberia Open Freediving Championship,Pool Competition,2017-02-18
34,35,Anastasiya Somova (RUS),F,DNF,,00:00,40 m,76 m,WHITE,38.0,-,The Second Urals and Siberia Open Freediving Championship,Pool Competition,2017-02-18
35,36,Kristina Kosyankovskaya (RUS),F,DNF,,00:00,40 m,72 m,WHITE,36.0,-,The Second Urals and Siberia Open Freediving Championship,Pool Competition,2017-02-18
36,37,Natalia Gosteva (RUS),F,DNF,,00:00,51 m,81 m,WHITE,40.5,-,The Second Urals and Siberia Open Freediving Championship,Pool Competition,2017-02-18
37,38,Mikhail Vernigora (RUS),M,DNF,,00:00,75 m,95 m,WHITE,47.5,-,The Second Urals and Siberia Open Freediving Championship,Pool Competition,2017-02-18
38,39,Anatoly Makhov (RUS),M,DNF,,00:00,77 m,116 m,WHITE,58.0,-,The Second Urals and Siberia Open Freediving Championship,Pool Competition,2017-02-18
39,40,Igor Golovanov (RUS),M,DNF,,00:00,80 m,93 m,WHITE,46.5,-,The Second Urals and Siberia Open Freediving Championship,Pool Competition,2017-02-18
40,41,Mikhail Kuznetsov (RUS),M,DNF,,00:00,100 m,137 m,RED,0.0,DQ BO,The Second Urals and Siberia Open Freediving Championship,Pool Competition,2017-02-18
41,42,Dmitrii Smetankin (RUS),M,DNF,,00:00,115 m,122 m,WHITE,61.0,-,The Second Urals and Siberia Open Freediving Championship,Pool Competition,2017-02-18
42,43,Aleksandr Maksimov (RUS),M,DNF,,00:00,124 m,116 m,RED,0.0,DQ BO,The Second Urals and Siberia Open Freediving Championship,Pool Competition,2017-02-18
43,44,Grigorii Rozhkov (RUS),M,STA,,00:00,03:15,04:22,WHITE,52.4,-,The Second Urals and Siberia Open Freediving Championship,Pool Competition,2017-02-18
44,45,Grigorii Rozhkov (RUS),M,DNF,,00:00,43 m,56 m,WHITE,28.0,-,The Second Urals and Siberia Open Freediving Championship,Pool Competition,2017-02-18
45,46,Grigoriy Vasilkevich (RUS),M,STA,,00:00,04:00,05:21,RED,0.0,DQ BO,The Second Urals and Siberia Open Freediving Championship,Pool Competition,2017-02-18
46,47,Grigoriy Vasilkevich (RUS),M,DNF,,00:00,115 m,116 m,RED,0.0,DQ BO,The Second Urals and Siberia Open Freediving Championship,Pool Competition,2017-02-18
47,48,Oly Vasilkevich (RUS),F,DNF,,00:00,1 m,25 m,RED,0.0,DQ BO,The Second Urals and Siberia Open Freediving Championship,Pool Competition,2017-02-18
48,49,Sergey Stafeev (RUS),M,STA,,00:00,00:01,03:26,WHITE,41.2,-,The Second Urals and Siberia Open Freediving Championship,Pool Competition,2017-02-18
49,50,Sergey Stafeev (RUS),M,DNF,,00:00,1 m,77 m,RED,0.0,DQ BO,The Second Urals and Siberia Open Freediving Championship,Pool Competition,2017-02-18
50,51,Dmitriy Sokolov (RUS),M,STA,,00:00,02:30,04:17,WHITE,51.4,-,The Second Urals and Siberia Open Freediving Championship,Pool Competition,2017-02-18
51,52,Dmitriy Sokolov (RUS),M,DNF,,00:00,90 m,100 m,WHITE,50.0,-,The Second Urals and Siberia Open Freediving Championship,Pool Competition,2017-02-18
0,1,Olga Ponomareva (RUS),F,DYN,,00:00,77 m,108 m,WHITE,54.0,-,The Second Urals and Siberia Open Freediving Championship,Pool Competition,2017-02-18
1,2,Iuliia Obolkina (RUS),F,DYN,,00:00,10 m,99 m,WHITE,49.5,-,The Second Urals and Siberia Open Freediving Championship,Pool Competition,2017-02-18
2,3,Yuliya Mishchenko (RUS),F,DYN,,00:00,78 m,94 m,WHITE,47.0,-,The Second Urals and Siberia Open Freediving Championship,Pool Competition,2017-02-18
3,4,Anastasiya Somova (RUS),F,DYN,,00:00,80 m,119 m,WHITE,59.5,-,The Second Urals and Siberia Open Freediving Championship,Pool Competition,2017-02-18
4,5,Kristina Kosyankovskaya (RUS),F,DYN,,00:00,99 m,115 m,WHITE,57.5,-,The Second Urals and Siberia Open Freediving Championship,Pool Competition,2017-02-18
5,6,Natalia Gosteva (RUS),F,DYN,,00:00,71 m,100 m,WHITE,50.0,-,The Second Urals and Siberia Open Freediving Championship,Pool Competition,2017-02-18
6,7,Alexey Larchenko (RUS),M,DYN,,00:00,100 m,120 m,WHITE,60.0,-,The Second Urals and Siberia Open Freediving Championship,Pool Competition,2017-02-18
7,8,Pavel Kulishov (RUS),M,DYN,,00:00,90 m,112 m,WHITE,56.0,-,The Second Urals and Siberia Open Freediving Championship,Pool Competition,2017-02-18
8,9,Yuri Usachev (RUS),M,DYN,,00:00,99 m,111 m,WHITE,55.5,-,The Second Urals and Siberia Open Freediving Championship,Pool Competition,2017-02-18
9,10,Ivan Gurkin (RUS),M,DYN,,00:00,71 m,106 m,WHITE,53.0,-,The Second Urals and Siberia Open Freediving Championship,Pool Competition,2017-02-18
10,11,Igor Daybov (RUS),M,DYN,,00:00,50 m,89 m,WHITE,44.5,-,The Second Urals and Siberia Open Freediving Championship,Pool Competition,2017-02-18
11,12,Dmitry Palagachev (RUS),M,DYN,,00:00,50 m,79 m,WHITE,39.5,-,The Second Urals and Siberia Open Freediving Championship,Pool Competition,2017-02-18
12,13,Sergey Rudenko (RUS),M,DYN,,00:00,50 m,74 m,WHITE,37.0,-,The Second Urals and Siberia Open Freediving Championship,Pool Competition,2017-02-18
13,14,Arsenyi Rudenko (RUS),M,DYN,,00:00,30 m,73 m,WHITE,36.5,-,The Second Urals and Siberia Open Freediving Championship,Pool Competition,2017-02-18
14,15,Andrey Sidorov (RUS),M,DYN,,00:00,50 m,60 m,WHITE,30.0,-,The Second Urals and Siberia Open Freediving Championship,Pool Competition,2017-02-18
15,16,Mikhail Voitcekhovskii (RUS),M,DYN,,00:00,25 m,47 m,WHITE,23.5,-,The Second Urals and Siberia Open Freediving Championship,Pool Competition,2017-02-18
16,17,Dmitrii Smetankin (RUS),M,DYN,,00:00,160 m,199 m,WHITE,99.5,-,The Second Urals and Siberia Open Freediving Championship,Pool Competition,2017-02-18
17,18,Anatoly Makhov (RUS),M,DYN,,00:00,125 m,184 m,WHITE,92.0,-,The Second Urals and Siberia Open Freediving Championship,Pool Competition,2017-02-18
18,19,Mikhail Kuznetsov (RUS),M,DYN,,00:00,100 m,132 m,WHITE,66.0,-,The Second Urals and Siberia Open Freediving Championship,Pool Competition,2017-02-18
19,20,Aleksander Oshmyaga (RUS),M,DYN,,00:00,1 m,130 m,WHITE,65.0,-,The Second Urals and Siberia Open Freediving Championship,Pool Competition,2017-02-18
20,21,Mikhail Vernigora (RUS),M,DYN,,00:00,100 m,121 m,WHITE,60.5,-,The Second Urals and Siberia Open Freediving Championship,Pool Competition,2017-02-18
21,22,Aleksandr Maksimov (RUS),M,DYN,,00:00,148 m,160 m,RED,0.0,DQ BO,The Second Urals and Siberia Open Freediving Championship,Pool Competition,2017-02-18
22,23,Grigoriy Vasilkevich (RUS),M,DYN,,00:00,100 m,121 m,WHITE,60.5,-,The Second Urals and Siberia Open Freediving Championship,Pool Competition,2017-02-18
23,24,Oly Vasilkevich (RUS),F,DYN,,00:00,1 m,34 m,WHITE,17.0,-,The Second Urals and Siberia Open Freediving Championship,Pool Competition,2017-02-18
24,25,Sergey Stafeev (RUS),M,DYN,,00:00,1 m,49 m,WHITE,24.5,-,The Second Urals and Siberia Open Freediving Championship,Pool Competition,2017-02-18
25,26,Dmitriy Sokolov (RUS),M,DYN,,00:00,100 m,115 m,WHITE,57.5,-,The Second Urals and Siberia Open Freediving Championship,Pool Competition,2017-02-18
0,1,Bartosz Kazmierczak (POL),M,DNF,,00:00,50 m,75 m,WHITE,37.5,-,Barbórkowy Puchar Śląska we Freedivingu 2016 | The Silesia Freediving Pool Cup 2016,Pool Competition,2016-12-02
1,2,Krzysztof Tomicki (POL),M,DNF,,00:00,60 m,62 m,RED,0.0,DQOther (Airways),Barbórkowy Puchar Śląska we Freedivingu 2016 | The Silesia Freediving Pool Cup 2016,Pool Competition,2016-12-02
2,3,Kamil Kloch (POL),M,DNF,,00:00,100 m,114 m,WHITE,57.0,-,Barbórkowy Puchar Śląska we Freedivingu 2016 | The Silesia Freediving Pool Cup 2016,Pool Competition,2016-12-02
3,4,Mateusz Malina (POL),M,DNF,,00:00,1 m,208 m,WHITE,104.0,-,Barbórkowy Puchar Śląska we Freedivingu 2016 | The Silesia Freediving Pool Cup 2016,Pool Competition,2016-12-02
4,5,Agnieszka Kalska (POL),F,DNF,,00:00,1 m,158 m,WHITE,79.0,-,Barbórkowy Puchar Śląska we Freedivingu 2016 | The Silesia Freediving Pool Cup 2016,Pool Competition,2016-12-02
5,6,Julia Kozerska (POL),F,DNF,,00:00,1 m,154 m,WHITE,77.0,-,Barbórkowy Puchar Śląska we Freedivingu 2016 | The Silesia Freediving Pool Cup 2016,Pool Competition,2016-12-02
6,7,Magdalena Solich-Talanda (POL),F,DNF,,00:00,1 m,160 m,WHITE,80.0,-,Barbórkowy Puchar Śląska we Freedivingu 2016 | The Silesia Freediving Pool Cup 2016,Pool Competition,2016-12-02
7,8,Michal Mrozowski (POL),M,DNF,,00:00,1 m,129 m,WHITE,64.5,-,Barbórkowy Puchar Śląska we Freedivingu 2016 | The Silesia Freediving Pool Cup 2016,Pool Competition,2016-12-02
8,9,Bronislaw Kokot (POL),M,DNF,,00:00,10 m,85 m,WHITE,42.5,-,Barbórkowy Puchar Śląska we Freedivingu 2016 | The Silesia Freediving Pool Cup 2016,Pool Competition,2016-12-02
9,10,Lukasz Sierant (POL),M,DNF,,00:00,25 m,75 m,WHITE,37.5,-,Barbórkowy Puchar Śląska we Freedivingu 2016 | The Silesia Freediving Pool Cup 2016,Pool Competition,2016-12-02
10,11,Marcin Rutkowski (POL),M,DNF,,00:00,50 m,106 m,RED,0.0,DQBO,Barbórkowy Puchar Śląska we Freedivingu 2016 | The Silesia Freediving Pool Cup 2016,Pool Competition,2016-12-02
11,12,Gabriela Grezlova (CZE),F,DNF,,00:00,51 m,80 m,WHITE,40.0,-,Barbórkowy Puchar Śląska we Freedivingu 2016 | The Silesia Freediving Pool Cup 2016,Pool Competition,2016-12-02
12,13,Justyna Nowak-Ferensztajn (POL),F,DNF,,00:00,74 m,104 m,WHITE,52.0,-,Barbórkowy Puchar Śląska we Freedivingu 2016 | The Silesia Freediving Pool Cup 2016,Pool Competition,2016-12-02
13,14,Michał Widelski (POL),M,DNF,,00:00,75 m,110 m,WHITE,55.0,-,Barbórkowy Puchar Śląska we Freedivingu 2016 | The Silesia Freediving Pool Cup 2016,Pool Competition,2016-12-02
14,15,Barbora Ivanska (CZE),F,DNF,,00:00,77 m,125 m,WHITE,62.5,-,Barbórkowy Puchar Śląska we Freedivingu 2016 | The Silesia Freediving Pool Cup 2016,Pool Competition,2016-12-02
15,16,Jacek Polak (POL),M,DNF,,00:00,81 m,129 m,WHITE,64.5,-,Barbórkowy Puchar Śląska we Freedivingu 2016 | The Silesia Freediving Pool Cup 2016,Pool Competition,2016-12-02
16,17,Alena Konecna (CZE),F,DNF,,00:00,90 m,146 m NR,WHITE,73.0,NR,Barbórkowy Puchar Śląska we Freedivingu 2016 | The Silesia Freediving Pool Cup 2016,Pool Competition,2016-12-02
17,18,Karol Karcz (POL),M,DNF,,00:00,100 m,150 m,WHITE,75.0,-,Barbórkowy Puchar Śląska we Freedivingu 2016 | The Silesia Freediving Pool Cup 2016,Pool Competition,2016-12-02
18,19,Robert Cetler (POL),M,DNF,,00:00,101 m,105 m,WHITE,52.5,-,Barbórkowy Puchar Śląska we Freedivingu 2016 | The Silesia Freediving Pool Cup 2016,Pool Competition,2016-12-02
19,20,Kamil Vyštejn (CZE),M,DNF,,00:00,150 m,125 m,YELLOW,50.0,Short,Barbórkowy Puchar Śląska we Freedivingu 2016 | The Silesia Freediving Pool Cup 2016,Pool Competition,2016-12-02
20,21,Miroslav Sevcik (CZE),M,DNF,,00:00,80 m,111 m,WHITE,55.5,-,Barbórkowy Puchar Śląska we Freedivingu 2016 | The Silesia Freediving Pool Cup 2016,Pool Competition,2016-12-02
21,22,Piotr Gruszeczka (POL),M,DYN,,00:00,52 m,130 m,WHITE,65.0,-,Barbórkowy Puchar Śląska we Freedivingu 2016 | The Silesia Freediving Pool Cup 2016,Pool Competition,2016-12-02
22,23,Borys Bajorek (POL),M,DYN,,00:00,1 m,79 m,WHITE,39.5,-,Barbórkowy Puchar Śląska we Freedivingu 2016 | The Silesia Freediving Pool Cup 2016,Pool Competition,2016-12-02
23,24,Bartosz Lubecki (POL),M,DYN,,00:00,26 m,122 m,WHITE,61.0,-,Barbórkowy Puchar Śląska we Freedivingu 2016 | The Silesia Freediving Pool Cup 2016,Pool Competition,2016-12-02
24,25,Aleksander Ryszka (POL),M,DYN,,00:00,44 m,100 m,WHITE,50.0,-,Barbórkowy Puchar Śląska we Freedivingu 2016 | The Silesia Freediving Pool Cup 2016,Pool Competition,2016-12-02
25,26,Pawel Roguski (POL),M,DYN,,00:00,55 m,57 m,RED,0.0,"DQOther - start after 1,5 m",Barbórkowy Puchar Śląska we Freedivingu 2016 | The Silesia Freediving Pool Cup 2016,Pool Competition,2016-12-02
26,27,Piotr Palacz (POL),M,DYN,,00:00,75 m,109 m,WHITE,54.5,-,Barbórkowy Puchar Śląska we Freedivingu 2016 | The Silesia Freediving Pool Cup 2016,Pool Competition,2016-12-02
27,28,Michal Bochenek (POL),M,DYN,,00:00,155 m,203 m,WHITE,101.5,-,Barbórkowy Puchar Śląska we Freedivingu 2016 | The Silesia Freediving Pool Cup 2016,Pool Competition,2016-12-02
28,29,Martin Valenta (CZE),M,DYN,,00:00,180 m,250 m,WHITE,125.0,-,Barbórkowy Puchar Śląska we Freedivingu 2016 | The Silesia Freediving Pool Cup 2016,Pool Competition,2016-12-02
29,30,Marcin Baranowski (POL),M,DNF,,00:00,107 m,130 m,WHITE,65.0,-,Barbórkowy Puchar Śląska we Freedivingu 2016 | The Silesia Freediving Pool Cup 2016,Pool Competition,2016-12-02
0,1,Piotr Gruszeczka (POL),M,DNF,,00:00,52 m,85 m,WHITE,42.5,-,Barbórkowy Puchar Śląska we Freedivingu 2016 | The Silesia Freediving Pool Cup 2016,Pool Competition,2016-12-03
1,2,Pawel Roguski (POL),M,DNF,,00:00,55 m,58 m,WHITE,29.0,-,Barbórkowy Puchar Śląska we Freedivingu 2016 | The Silesia Freediving Pool Cup 2016,Pool Competition,2016-12-03
2,3,Aleksander Ryszka (POL),M,DNF,,00:00,33 m,100 m,WHITE,50.0,-,Barbórkowy Puchar Śląska we Freedivingu 2016 | The Silesia Freediving Pool Cup 2016,Pool Competition,2016-12-03
3,4,Michal Bochenek (POL),M,DNF,,00:00,155 m,161 m,WHITE,80.5,-,Barbórkowy Puchar Śląska we Freedivingu 2016 | The Silesia Freediving Pool Cup 2016,Pool Competition,2016-12-03
4,5,Piotr Palacz (POL),M,DNF,,00:00,50 m,81 m,WHITE,40.5,-,Barbórkowy Puchar Śląska we Freedivingu 2016 | The Silesia Freediving Pool Cup 2016,Pool Competition,2016-12-03
5,6,Martin Valenta (CZE),M,DNF,,00:00,135 m,175 m,WHITE,87.5,-,Barbórkowy Puchar Śląska we Freedivingu 2016 | The Silesia Freediving Pool Cup 2016,Pool Competition,2016-12-03
6,7,Bartosz Lubecki (POL),M,DNF,,00:00,85 m,87 m,WHITE,43.5,-,Barbórkowy Puchar Śląska we Freedivingu 2016 | The Silesia Freediving Pool Cup 2016,Pool Competition,2016-12-03
7,8,Borys Bajorek (POL),M,DNF,,00:00,77 m,82 m,WHITE,41.0,-,Barbórkowy Puchar Śląska we Freedivingu 2016 | The Silesia Freediving Pool Cup 2016,Pool Competition,2016-12-03
8,9,Kamil Kloch (POL),M,DYN,,00:00,100 m,107 m,WHITE,53.5,-,Barbórkowy Puchar Śląska we Freedivingu 2016 | The Silesia Freediving Pool Cup 2016,Pool Competition,2016-12-03
9,10,Bartosz Kazmierczak (POL),M,DYN,,00:00,51 m,79 m,WHITE,39.5,-,Barbórkowy Puchar Śląska we Freedivingu 2016 | The Silesia Freediving Pool Cup 2016,Pool Competition,2016-12-03
10,11,Kamil Vyštejn (CZE),M,DYN,,00:00,175 m,124 m,YELLOW,36.5,Short,Barbórkowy Puchar Śląska we Freedivingu 2016 | The Silesia Freediving Pool Cup 2016,Pool Competition,2016-12-03
11,12,Karol Karcz (POL),M,DYN,,00:00,125 m,180 m,WHITE,90.0,-,Barbórkowy Puchar Śląska we Freedivingu 2016 | The Silesia Freediving Pool Cup 2016,Pool Competition,2016-12-03
12,13,Marcin Baranowski (POL),M,DYN,,00:00,111 m,150 m,WHITE,75.0,-,Barbórkowy Puchar Śląska we Freedivingu 2016 | The Silesia Freediving Pool Cup 2016,Pool Competition,2016-12-03
13,14,Jacek Polak (POL),M,DYN,,00:00,101 m,125 m,WHITE,62.5,-,Barbórkowy Puchar Śląska we Freedivingu 2016 | The Silesia Freediving Pool Cup 2016,Pool Competition,2016-12-03
14,15,Michał Widelski (POL),M,DYN,,00:00,75 m,100 m,WHITE,50.0,-,Barbórkowy Puchar Śląska we Freedivingu 2016 | The Silesia Freediving Pool Cup 2016,Pool Competition,2016-12-03
15,16,Justyna Nowak-Ferensztajn (POL),F,DYN,,00:00,74 m,104 m,WHITE,52.0,-,Barbórkowy Puchar Śląska we Freedivingu 2016 | The Silesia Freediving Pool Cup 2016,Pool Competition,2016-12-03
16,17,Marcin Rutkowski (POL),M,DYN,,00:00,50 m,100 m,WHITE,50.0,-,Barbórkowy Puchar Śląska we Freedivingu 2016 | The Silesia Freediving Pool Cup 2016,Pool Competition,2016-12-03
17,18,Miroslav Sevcik (CZE),M,DYN,,00:00,0 m,0 m,WHITE,0.0,DNS,Barbórkowy Puchar Śląska we Freedivingu 2016 | The Silesia Freediving Pool Cup 2016,Pool Competition,2016-12-03
18,19,Lukasz Sierant (POL),M,DYN,,00:00,25 m,75 m,WHITE,37.5,-,Barbórkowy Puchar Śląska we Freedivingu 2016 | The Silesia Freediving Pool Cup 2016,Pool Competition,2016-12-03
19,20,Michal Mrozowski (POL),M,DYN,,00:00,5 m,125 m,WHITE,62.5,-,Barbórkowy Puchar Śląska we Freedivingu 2016 | The Silesia Freediving Pool Cup 2016,Pool Competition,2016-12-03
20,21,Robert Cetler (POL),M,DYN,,00:00,1 m,160 m,WHITE,80.0,-,Barbórkowy Puchar Śląska we Freedivingu 2016 | The Silesia Freediving Pool Cup 2016,Pool Competition,2016-12-03
21,22,Mateusz Malina (POL),M,DYN,,00:00,175 m,213 m,WHITE,106.5,-,Barbórkowy Puchar Śląska we Freedivingu 2016 | The Silesia Freediving Pool Cup 2016,Pool Competition,2016-12-03
22,23,Mateusz Wlodarz (POL),M,DYN,,00:00,0 m,0 m,WHITE,0.0,DNS,Barbórkowy Puchar Śląska we Freedivingu 2016 | The Silesia Freediving Pool Cup 2016,Pool Competition,2016-12-03
23,24,Barbora Ivanska (CZE),F,DYN,,00:00,150 m,155 m,WHITE,77.5,-,Barbórkowy Puchar Śląska we Freedivingu 2016 | The Silesia Freediving Pool Cup 2016,Pool Competition,2016-12-03
24,25,Julia Kozerska (POL),F,DYN,,00:00,133 m,180 m,WHITE,90.0,-,Barbórkowy Puchar Śląska we Freedivingu 2016 | The Silesia Freediving Pool Cup 2016,Pool Competition,2016-12-03
25,26,Magdalena Solich-Talanda (POL),F,DYN,,00:00,142 m,200 m,WHITE,100.0,-,Barbórkowy Puchar Śląska we Freedivingu 2016 | The Silesia Freediving Pool Cup 2016,Pool Competition,2016-12-03
26,27,Alena Konecna (CZE),F,DYN,,00:00,125 m,165 m,WHITE,82.5,-,Barbórkowy Puchar Śląska we Freedivingu 2016 | The Silesia Freediving Pool Cup 2016,Pool Competition,2016-12-03
27,28,Gabriela Grezlova (CZE),F,DYN,,00:00,101 m,125 m,WHITE,62.5,-,Barbórkowy Puchar Śląska we Freedivingu 2016 | The Silesia Freediving Pool Cup 2016,Pool Competition,2016-12-03
28,29,Agnieszka Kalska (POL),F,DYN,,00:00,1 m,200 m,WHITE,100.0,-,Barbórkowy Puchar Śląska we Freedivingu 2016 | The Silesia Freediving Pool Cup 2016,Pool Competition,2016-12-03
29,30,Kamil Kloch (POL),M,STA,,00:00,04:00,04:32,WHITE,54.4,-,Barbórkowy Puchar Śląska we Freedivingu 2016 | The Silesia Freediving Pool Cup 2016,Pool Competition,2016-12-03
30,31,Bartosz Kazmierczak (POL),M,STA,,00:00,03:00,04:12,WHITE,50.4,-,Barbórkowy Puchar Śląska we Freedivingu 2016 | The Silesia Freediving Pool Cup 2016,Pool Competition,2016-12-03
31,32,Piotr Gruszeczka (POL),M,STA,,00:00,02:01,05:09,WHITE,61.8,-,Barbórkowy Puchar Śląska we Freedivingu 2016 | The Silesia Freediving Pool Cup 2016,Pool Competition,2016-12-03
32,33,Miroslav Sevcik (CZE),M,STA,,00:00,00:00,00:00,WHITE,0.0,DNS,Barbórkowy Puchar Śląska we Freedivingu 2016 | The Silesia Freediving Pool Cup 2016,Pool Competition,2016-12-03
33,34,Kamil Vyštejn (CZE),M,STA,,00:00,05:00,05:34,WHITE,66.8,-,Barbórkowy Puchar Śląska we Freedivingu 2016 | The Silesia Freediving Pool Cup 2016,Pool Competition,2016-12-03
34,35,Michal Bochenek (POL),M,STA,,00:00,04:45,05:00,WHITE,60.0,-,Barbórkowy Puchar Śląska we Freedivingu 2016 | The Silesia Freediving Pool Cup 2016,Pool Competition,2016-12-03
35,36,Bartosz Lubecki (POL),M,STA,,00:00,04:30,05:00,WHITE,60.0,-,Barbórkowy Puchar Śląska we Freedivingu 2016 | The Silesia Freediving Pool Cup 2016,Pool Competition,2016-12-03
36,37,Karol Karcz (POL),M,STA,,00:00,04:00,06:00,WHITE,72.0,-,Barbórkowy Puchar Śląska we Freedivingu 2016 | The Silesia Freediving Pool Cup 2016,Pool Competition,2016-12-03
37,38,Michal Mrozowski (POL),M,STA,,00:00,03:30,06:30,WHITE,78.0,-,Barbórkowy Puchar Śląska we Freedivingu 2016 | The Silesia Freediving Pool Cup 2016,Pool Competition,2016-12-03
38,39,Bronislaw Kokot (POL),M,STA,,00:00,03:00,06:03,WHITE,72.6,-,Barbórkowy Puchar Śląska we Freedivingu 2016 | The Silesia Freediving Pool Cup 2016,Pool Competition,2016-12-03
39,40,Michał Widelski (POL),M,STA,,00:00,03:30,05:27,WHITE,65.4,-,Barbórkowy Puchar Śląska we Freedivingu 2016 | The Silesia Freediving Pool Cup 2016,Pool Competition,2016-12-03
40,41,Marcin Baranowski (POL),M,STA,,00:00,02:01,05:29,RED,0.0,DQSP,Barbórkowy Puchar Śląska we Freedivingu 2016 | The Silesia Freediving Pool Cup 2016,Pool Competition,2016-12-03
41,42,Piotr Palacz (POL),M,STA,,00:00,02:00,04:30,WHITE,54.0,-,Barbórkowy Puchar Śląska we Freedivingu 2016 | The Silesia Freediving Pool Cup 2016,Pool Competition,2016-12-03
42,43,Marcin Rutkowski (POL),M,STA,,00:00,01:00,05:22,WHITE,64.4,-,Barbórkowy Puchar Śląska we Freedivingu 2016 | The Silesia Freediving Pool Cup 2016,Pool Competition,2016-12-03
43,44,Lukasz Sierant (POL),M,STA,,00:00,01:00,04:49,RED,0.0,DQBO,Barbórkowy Puchar Śląska we Freedivingu 2016 | The Silesia Freediving Pool Cup 2016,Pool Competition,2016-12-03
44,45,Aleksander Ryszka (POL),M,STA,,00:00,00:33,05:00,WHITE,60.0,-,Barbórkowy Puchar Śląska we Freedivingu 2016 | The Silesia Freediving Pool Cup 2016,Pool Competition,2016-12-03
45,46,Mateusz Wlodarz (POL),M,STA,,00:00,00:00,00:00,WHITE,0.0,DNS,Barbórkowy Puchar Śląska we Freedivingu 2016 | The Silesia Freediving Pool Cup 2016,Pool Competition,2016-12-03
46,47,Borys Bajorek (POL),M,STA,,00:00,00:01,05:17,WHITE,63.4,-,Barbórkowy Puchar Śląska we Freedivingu 2016 | The Silesia Freediving Pool Cup 2016,Pool Competition,2016-12-03
47,48,Robert Cetler (POL),M,STA,,00:00,00:01,06:21,WHITE,76.2,-,Barbórkowy Puchar Śląska we Freedivingu 2016 | The Silesia Freediving Pool Cup 2016,Pool Competition,2016-12-03
48,49,Jacek Polak (POL),M,STA,,00:00,00:01,06:25,WHITE,77.0,-,Barbórkowy Puchar Śląska we Freedivingu 2016 | The Silesia Freediving Pool Cup 2016,Pool Competition,2016-12-03
49,50,Mateusz Malina (POL),M,STA,,00:00,00:01,07:33,WHITE,90.6,-,Barbórkowy Puchar Śląska we Freedivingu 2016 | The Silesia Freediving Pool Cup 2016,Pool Competition,2016-12-03
50,51,Gabriela Grezlova (CZE),F,STA,,00:00,05:00,05:03,WHITE,60.6,-,Barbórkowy Puchar Śląska we Freedivingu 2016 | The Silesia Freediving Pool Cup 2016,Pool Competition,2016-12-03
51,52,Alena Konecna (CZE),F,STA,,00:00,03:00,06:22,WHITE,76.4,-,Barbórkowy Puchar Śląska we Freedivingu 2016 | The Silesia Freediving Pool Cup 2016,Pool Competition,2016-12-03
52,53,Justyna Nowak-Ferensztajn (POL),F,STA,,00:00,02:00,05:06,RED,0.0,DQSP,Barbórkowy Puchar Śląska we Freedivingu 2016 | The Silesia Freediving Pool Cup 2016,Pool Competition,2016-12-03
53,54,Magdalena Solich-Talanda (POL),F,STA,,00:00,00:01,05:31,WHITE,66.2,-,Barbórkowy Puchar Śląska we Freedivingu 2016 | The Silesia Freediving Pool Cup 2016,Pool Competition,2016-12-03
54,55,Julia Kozerska (POL),F,STA,,00:00,00:01,06:04,WHITE,72.8,-,Barbórkowy Puchar Śląska we Freedivingu 2016 | The Silesia Freediving Pool Cup 2016,Pool Competition,2016-12-03
55,56,Barbora Ivanska (CZE),F,STA,,00:00,00:01,05:31,WHITE,66.2,-,Barbórkowy Puchar Śląska we Freedivingu 2016 | The Silesia Freediving Pool Cup 2016,Pool Competition,2016-12-03
56,57,Agnieszka Kalska (POL),F,STA,,00:00,00:01,05:15,RED,0.0,Touch,Barbórkowy Puchar Śląska we Freedivingu 2016 | The Silesia Freediving Pool Cup 2016,Pool Competition,2016-12-03
57,58,Martin Valenta (CZE),M,STA,,00:00,00:01,09:14 NR,WHITE,110.8,NR,Barbórkowy Puchar Śląska we Freedivingu 2016 | The Silesia Freediving Pool Cup 2016,Pool Competition,2016-12-03
58,59,Krzysztof Tomicki (POL),M,STA,,00:00,03:00,02:11,YELLOW,16.2,RP<AP,Barbórkowy Puchar Śląska we Freedivingu 2016 | The Silesia Freediving Pool Cup 2016,Pool Competition,2016-12-03
59,60,Pawel Roguski (POL),M,STA,,00:00,03:00,02:07,YELLOW,14.4,RP<AP,Barbórkowy Puchar Śląska we Freedivingu 2016 | The Silesia Freediving Pool Cup 2016,Pool Competition,2016-12-03
60,61,Bronislaw Kokot (POL),M,DYN,,00:00,25 m,100 m,YELLOW,45.0,Start no touch,Barbórkowy Puchar Śląska we Freedivingu 2016 | The Silesia Freediving Pool Cup 2016,Pool Competition,2016-12-03
61,62,Krzysztof Tomicki (POL),M,DYN,,00:00,75 m,75 m,YELLOW,32.5,Start no touch,Barbórkowy Puchar Śląska we Freedivingu 2016 | The Silesia Freediving Pool Cup 2016,Pool Competition,2016-12-03
0,1,Mara Torrealba Pascuet (ESP),F,FIM,,00:00,55 m,37 m,YELLOW,18.0,,Open Costa Brava,Depth Competition,2016-09-10
1,2,Gines Gomez Ubeda (ESP),M,FIM,,00:00,31 m,31 m,WHITE,31.0,-,Open Costa Brava,Depth Competition,2016-09-10
2,3,Sergio Bernat (ESP),M,CNF,,00:00,51 m,51 m,WHITE,51.0,-,Open Costa Brava,Depth Competition,2016-09-10
3,4,Ginés Gómez Úbeda (ESP),M,FIM,,00:00,31 m,31 m,WHITE,31.0,-,Open Costa Brava,Depth Competition,2016-09-10
4,5,Luis Roberto Martinez Lam (MEX),M,CNF,,00:00,51 m,51 m,WHITE,51.0,-,Open Costa Brava,Depth Competition,2016-09-10
0,1,Kim Seng Teoh (MYS),M,STA,,00:00,00:01,04:21,WHITE,52.2,-,Team World Championship,World Championship,2016-09-21
1,2,Shuichi Goto (JPN),M,STA,,00:00,00:01,05:16,WHITE,63.2,-,Team World Championship,World Championship,2016-09-21
2,3,Aris Ioannidis (GRC),M,STA,,00:00,00:01,07:07,WHITE,85.4,-,Team World Championship,World Championship,2016-09-21
3,4,Linda Stenman (SWE),F,STA,,00:00,00:01,03:37,WHITE,43.4,-,Team World Championship,World Championship,2016-09-21
4,5,Christopher Funada (USA),M,STA,,00:00,00:30,05:02,WHITE,60.4,-,Team World Championship,World Championship,2016-09-21
5,6,Alena Konecna (CZE),F,STA,,00:00,00:30,06:12,WHITE,74.4,-,Team World Championship,World Championship,2016-09-21
6,7,Pavlos Kourtellas (CYP),M,STA,,00:00,00:30,03:40,WHITE,44.0,-,Team World Championship,World Championship,2016-09-21
7,8,Vendula Strachotová (CZE),F,STA,,00:00,01:05,06:10,WHITE,74.0,-,Team World Championship,World Championship,2016-09-21
8,9,Syafidatul Azua Shafii (MYS),F,STA,,00:00,01:15,04:27,WHITE,53.4,-,Team World Championship,World Championship,2016-09-21
9,10,Costas Constantinou (CYP),M,STA,,00:00,02:00,04:27,YELLOW,52.4,"Late start 2""",Team World Championship,World Championship,2016-09-21
10,11,Sofia Tapani (SWE),F,STA,,00:00,02:30,05:34,WHITE,66.8,-,Team World Championship,World Championship,2016-09-21
11,12,Nicolas Justine (FRA),F,STA,,00:00,03:00,04:56,WHITE,59.2,-,Team World Championship,World Championship,2016-09-21
12,13,Camilla Salling Olsen (DNK),F,STA,,00:00,03:01,04:16,WHITE,51.2,-,Team World Championship,World Championship,2016-09-21
13,14,Kyriakos Panayi (CYP),M,STA,,00:00,03:30,03:43,WHITE,44.6,-,Team World Championship,World Championship,2016-09-21
14,15,Klara Hansson (SWE),F,STA,,00:00,04:00,05:03,WHITE,60.6,-,Team World Championship,World Championship,2016-09-21
15,16,Mohd Azam Abdul Hamid (MYS),M,STA,,00:00,04:01,05:03,WHITE,60.6,-,Team World Championship,World Championship,2016-09-21
16,17,Alexey Molchanov (RUS),M,STA,,00:00,04:30,07:32,WHITE,90.4,-,Team World Championship,World Championship,2016-09-21
17,18,Timothy Oehmigen (DEU),M,STA,,00:00,04:32,05:38,WHITE,67.6,-,Team World Championship,World Championship,2016-09-21
18,19,Adam Drzazga (GBR),M,STA,,00:00,05:00,07:07,RED,0.0,DQ SP & Airway,Team World Championship,World Championship,2016-09-21
19,20,Jessea Wenjie Lu (CHN),F,STA,,00:00,07:02,07:31,RED,0.0,DQ SP Double OK sign,Team World Championship,World Championship,2016-09-21
20,21,Martin Valenta (CZE),M,STA,,00:00,07:05,08:21,WHITE,100.2,-,Team World Championship,World Championship,2016-09-21
21,22,Georgina Miller (GBR),F,STA,,00:00,00:01,06:31,WHITE,78.2,-,Team World Championship,World Championship,2016-09-21
22,23,Meghan Gilmore (USA),F,STA,,00:00,00:01,05:34,WHITE,66.8,-,Team World Championship,World Championship,2016-09-21
23,24,Hanako Hirose (JPN),F,STA,,00:00,00:01,06:10,WHITE,74.0,-,Team World Championship,World Championship,2016-09-21
24,25,Jens Stoetzner (DEU),M,STA,,00:00,00:01,06:46,WHITE,81.2,-,Team World Championship,World Championship,2016-09-21
25,26,Mitsuhiro Kojima (JPN),M,STA,,00:00,00:01,05:07,WHITE,61.4,-,Team World Championship,World Championship,2016-09-21
26,27,Heinz Kirschner (DEU),M,STA,,00:00,00:01,06:08,WHITE,73.6,-,Team World Championship,World Championship,2016-09-21
27,28,Marianna Gillespie (FRA),F,STA,,00:00,00:05,05:57,WHITE,71.4,-,Team World Championship,World Championship,2016-09-21
28,29,Kurt Randolph (USA),M,STA,,00:00,00:05,06:18,RED,0.0,DQ Touch by coach,Team World Championship,World Championship,2016-09-21
29,30,Irina Veverka(Karina) (RUS),F,STA,,00:00,00:11,05:21,WHITE,64.2,-,Team World Championship,World Championship,2016-09-21
30,31,Carl Atkinson (GBR),M,STA,,00:00,00:29,04:57,WHITE,59.4,-,Team World Championship,World Championship,2016-09-21
31,32,Michael Groenbaek (DNK),M,STA,,00:00,00:30,05:25,WHITE,65.0,-,Team World Championship,World Championship,2016-09-21
32,33,Timothy Money (GBR),M,STA,,00:00,00:37,05:46,WHITE,69.2,-,Team World Championship,World Championship,2016-09-21
33,34,Michelle Marsh (USA),F,STA,,00:00,01:00,04:58,WHITE,59.6,-,Team World Championship,World Championship,2016-09-21
34,35,Guillaume Bussiere (FRA),M,STA,,00:00,01:00,05:58,WHITE,71.6,-,Team World Championship,World Championship,2016-09-21
35,36,Mikkel Branth (DNK),M,STA,,00:00,01:00,05:01,YELLOW,59.2,-,Team World Championship,World Championship,2016-09-21
36,37,Christos Papadopoulos (GRC),M,STA,,00:00,01:25,05:38,WHITE,67.6,-,Team World Championship,World Championship,2016-09-21
37,38,Alkisti Vouraki (GRC),F,STA,,00:00,01:35,05:02,WHITE,60.4,-,Team World Championship,World Championship,2016-09-21
38,39,Jennifer Wendland (DEU),F,STA,,00:00,02:00,05:32,WHITE,66.4,-,Team World Championship,World Championship,2016-09-21
39,40,Dagmar Andres-Brümmer (DEU),F,STA,,00:00,02:00,05:49,WHITE,69.8,-,Team World Championship,World Championship,2016-09-21
40,41,Guang (Matt) Yang (CHN),M,STA,,00:00,02:00,05:49,WHITE,69.8,-,Team World Championship,World Championship,2016-09-21
41,42,Thomas Gilmore (USA),M,STA,,00:00,02:00,05:59,WHITE,71.8,-,Team World Championship,World Championship,2016-09-21
42,43,Tatiana Zemskikh (RUS),F,STA,,00:00,02:30,05:19,WHITE,63.8,-,Team World Championship,World Championship,2016-09-21
43,44,Danai Varveri (GRC),F,STA,,00:00,02:30,04:37,WHITE,55.4,-,Team World Championship,World Championship,2016-09-21
44,45,Anette Rafen Ottzen (DNK),F,STA,,00:00,02:37,04:03,WHITE,48.6,-,Team World Championship,World Championship,2016-09-21
45,46,Ashleigh Baird (USA),F,STA,,00:00,03:00,05:33,WHITE,66.6,-,Team World Championship,World Championship,2016-09-21
46,47,Xiaoman Yang (CHN),F,STA,,00:00,03:30,04:34,WHITE,54.8,-,Team World Championship,World Championship,2016-09-21
47,48,Jenna Apokotos (GRC),F,STA,,00:00,03:30,05:25,WHITE,65.0,-,Team World Championship,World Championship,2016-09-21
48,49,Miroslav Sevcik (CZE),M,STA,,00:00,03:59,05:38,WHITE,67.6,-,Team World Championship,World Championship,2016-09-21
49,50,Elisabeth Hummel (DEU),F,STA,,00:00,04:00,05:06,WHITE,61.2,-,Team World Championship,World Championship,2016-09-21
50,51,Andrey Matveenko (RUS),M,STA,,00:00,04:00,06:35,WHITE,79.0,-,Team World Championship,World Championship,2016-09-21
51,52,Aolin Wang (CHN),M,STA,,00:00,04:00,06:14,WHITE,74.8,-,Team World Championship,World Championship,2016-09-21
52,53,Marie Pierre Ekstets (FRA),F,STA,,00:00,04:00,06:39,WHITE,79.8,-,Team World Championship,World Championship,2016-09-21
53,54,Tomoka Fukuda (JPN),F,STA,,00:00,04:07,05:17,WHITE,63.4,-,Team World Championship,World Championship,2016-09-21
54,55,Misuzu Okamoto (JPN),F,STA,,00:00,04:18,05:48,WHITE,69.6,-,Team World Championship,World Championship,2016-09-21
55,56,Giannis Giagkinis (GRC),M,STA,,00:00,04:30,05:29,WHITE,65.8,-,Team World Championship,World Championship,2016-09-21
56,57,Anna-Marie Christiansen (DNK),F,STA,,00:00,04:32,06:38,WHITE,79.6,-,Team World Championship,World Championship,2016-09-21
57,58,Norifumi Ibushi (JPN),M,STA,,00:00,04:39,06:02,WHITE,72.4,-,Team World Championship,World Championship,2016-09-21
58,59,Emilie Vernier (FRA),F,STA,,00:00,04:49,05:41,WHITE,68.2,-,Team World Championship,World Championship,2016-09-21
59,60,Katerina Suranska (CZE),F,STA,,00:00,05:01,06:34,WHITE,78.8,-,Team World Championship,World Championship,2016-09-21
60,61,Petr Vala (CZE),M,STA,,00:00,05:05,06:34,WHITE,78.8,-,Team World Championship,World Championship,2016-09-21
61,62,Vincent Mathieu (FRA),M,STA,,00:00,05:17,08:53,YELLOW,105.6,"Late start 2""",Team World Championship,World Championship,2016-09-21
62,63,Alexis Duvivier (FRA),M,STA,,00:00,06:00,08:06,WHITE,97.2,-,Team World Championship,World Championship,2016-09-21
63,64,Aleksandr Kostyshen (RUS),M,STA,,00:00,01:00,06:02,WHITE,72.4,-,Team World Championship,World Championship,2016-09-21
0,1,Alexey Molchanov (RUS),M,DYN,,00:00,40 m,258 m,WHITE,129.0,-,Team World Championship,World Championship,2016-09-24
1,2,Martin Valenta (CZE),M,DYN,,00:00,220 m,250 m,WHITE,125.0,-,Team World Championship,World Championship,2016-09-24
2,3,Aris Ioannidis (GRC),M,DYN,,00:00,151 m,208 m,WHITE,104.0,-,Team World Championship,World Championship,2016-09-24
3,4,Jessea Wenjie Lu (CHN),F,DYN,,00:00,72 m,200 m,WHITE,100.0,-,Team World Championship,World Championship,2016-09-24
4,5,Marianna Gillespie (FRA),F,DYN,,00:00,1 m,200 m,WHITE,100.0,-,Team World Championship,World Championship,2016-09-24
5,6,Camilla Salling Olsen (DNK),F,DYN,,00:00,27 m,174 m,WHITE,87.0,-,Team World Championship,World Championship,2016-09-24
6,7,Shuichi Goto (JPN),M,DYN,,00:00,101 m,170 m,WHITE,85.0,-,Team World Championship,World Championship,2016-09-24
7,8,Vendula Strachotová (CZE),F,DYN,,00:00,132 m,162 m,WHITE,81.0,-,Team World Championship,World Championship,2016-09-24
8,9,Alena Konecna (CZE),F,DYN,,00:00,141 m,160 m,WHITE,80.0,-,Team World Championship,World Championship,2016-09-24
9,10,Sofia Tapani (SWE),F,DYN,,00:00,42 m,156 m,WHITE,78.0,-,Team World Championship,World Championship,2016-09-24
10,11,Timothy Oehmigen (DEU),M,DYN,,00:00,103 m,150 m,WHITE,75.0,-,Team World Championship,World Championship,2016-09-24
11,12,Syafidatul Azua Shafii (MYS),F,DYN,,00:00,51 m,137 m,WHITE,68.5,-,Team World Championship,World Championship,2016-09-24
12,13,Kim Seng Teoh (MYS),M,DYN,,00:00,51 m,128 m,WHITE,64.0,-,Team World Championship,World Championship,2016-09-24
13,14,Adam Drzazga (GBR),M,DYN,,00:00,101 m,123 m,WHITE,61.5,-,Team World Championship,World Championship,2016-09-24
14,15,Mohd Azam Abdul Hamid (MYS),M,DYN,,00:00,1 m,122 m,WHITE,61.0,-,Team World Championship,World Championship,2016-09-24
15,16,Nicolas Justine (FRA),F,DYN,,00:00,155 m,133 m,YELLOW,55.5,Short,Team World Championship,World Championship,2016-09-24
16,17,Christopher Funada (USA),M,DYN,,00:00,50 m,100 m,WHITE,50.0,-,Team World Championship,World Championship,2016-09-24
17,18,Pavlos Kourtellas (CYP),M,DYN,,00:00,1 m,100 m,WHITE,50.0,-,Team World Championship,World Championship,2016-09-24
18,19,Costas Constantinou (CYP),M,DYN,,00:00,60 m,97 m,WHITE,48.5,-,Team World Championship,World Championship,2016-09-24
19,20,Kyriakos Panayi (CYP),M,DYN,,00:00,50 m,73 m,WHITE,36.5,-,Team World Championship,World Championship,2016-09-24
20,21,Klara Hansson (SWE),F,DYN,,00:00,8 m,0 m,RED,0.0,DNS,Team World Championship,World Championship,2016-09-24
21,22,Linda Stenman (SWE),F,DYN,,00:00,1 m,0 m,RED,0.0,DNS,Team World Championship,World Championship,2016-09-24
22,23,Alexis Duvivier (FRA),M,DYN,,00:00,3 m,270 m,WHITE,135.0,-,Team World Championship,World Championship,2016-09-24
23,24,Aleksandr Kostyshen (RUS),M,DYN,,00:00,100 m,258 m,WHITE,129.0,-,Team World Championship,World Championship,2016-09-24
24,25,Guillaume Bussiere (FRA),M,DYN,,00:00,1 m,250 m,WHITE,125.0,-,Team World Championship,World Championship,2016-09-24
25,26,Giannis Giagkinis (GRC),M,DYN,,00:00,187 m,227 m,WHITE,113.5,-,Team World Championship,World Championship,2016-09-24
26,27,Vincent Mathieu (FRA),M,DYN,,00:00,190 m,224 m,WHITE,112.0,-,Team World Championship,World Championship,2016-09-24
27,28,Andrey Matveenko (RUS),M,DYN,,00:00,50 m,221 m,WHITE,110.5,-,Team World Championship,World Championship,2016-09-24
28,29,Thomas Gilmore (USA),M,DYN,,00:00,100 m,208 m NR,WHITE,104.0,-,Team World Championship,World Championship,2016-09-24
29,30,Christos Papadopoulos (GRC),M,DYN,,00:00,170 m,204 m,WHITE,102.0,-,Team World Championship,World Championship,2016-09-24
30,31,Petr Vala (CZE),M,DYN,,00:00,151 m,204 m,WHITE,102.0,-,Team World Championship,World Championship,2016-09-24
31,32,Miroslav Sevcik (CZE),M,DYN,,00:00,163 m,200 m,WHITE,100.0,-,Team World Championship,World Championship,2016-09-24
32,33,Aolin Wang (CHN),M,DYN,,00:00,2 m,200 m,WHITE,100.0,-,Team World Championship,World Championship,2016-09-24
33,34,Hanako Hirose (JPN),F,DYN,,00:00,128 m,197 m,WHITE,98.5,-,Team World Championship,World Championship,2016-09-24
34,35,Norifumi Ibushi (JPN),M,DYN,,00:00,48 m,185 m,WHITE,92.5,-,Team World Championship,World Championship,2016-09-24
35,36,Anna-Marie Christiansen (DNK),F,DYN,,00:00,107 m,181 m,WHITE,90.5,-,Team World Championship,World Championship,2016-09-24
36,37,Meghan Gilmore (USA),F,DYN,,00:00,1 m,179 m,WHITE,89.5,-,Team World Championship,World Championship,2016-09-24
37,38,Jens Stoetzner (DEU),M,DYN,,00:00,141 m,177 m,WHITE,88.5,-,Team World Championship,World Championship,2016-09-24
38,39,Kurt Randolph (USA),M,DYN,,00:00,5 m,175 m,WHITE,87.5,-,Team World Championship,World Championship,2016-09-24
39,40,Tatiana Zemskikh (RUS),F,DYN,,00:00,65 m,174 m,WHITE,87.0,-,Team World Championship,World Championship,2016-09-24
40,41,Dagmar Andres-Brümmer (DEU),F,DYN,,00:00,10 m,171 m,WHITE,85.5,-,Team World Championship,World Championship,2016-09-24
41,42,Marie Pierre Ekstets (FRA),F,DYN,,00:00,2 m,170 m,WHITE,85.0,-,Team World Championship,World Championship,2016-09-24
42,43,Misuzu Okamoto (JPN),F,DYN,,00:00,88 m,167 m,WHITE,83.5,-,Team World Championship,World Championship,2016-09-24
43,44,Timothy Money (GBR),M,DYN,,00:00,99 m,162 m,WHITE,81.0,-,Team World Championship,World Championship,2016-09-24
44,45,Jennifer Wendland (DEU),F,DYN,,00:00,53 m,159 m,WHITE,79.5,-,Team World Championship,World Championship,2016-09-24
45,46,Jenna Apokotos (GRC),F,DYN,,00:00,120 m,158 m,WHITE,79.0,-,Team World Championship,World Championship,2016-09-24
46,47,Tomoka Fukuda (JPN),F,DYN,,00:00,12 m,158 m,WHITE,79.0,-,Team World Championship,World Championship,2016-09-24
47,48,Guang (Matt) Yang (CHN),M,DYN,,00:00,30 m,156 m,WHITE,78.0,-,Team World Championship,World Championship,2016-09-24
48,49,Anette Rafen Ottzen (DNK),F,DYN,,00:00,127 m,150 m,WHITE,75.0,-,Team World Championship,World Championship,2016-09-24
49,50,Irina Veverka(Karina) (RUS),F,DYN,,00:00,21 m,150 m,WHITE,75.0,-,Team World Championship,World Championship,2016-09-24
50,51,Georgina Miller (GBR),F,DYN,,00:00,80 m,141 m,WHITE,70.5,-,Team World Championship,World Championship,2016-09-24
51,52,Katerina Suranska (CZE),F,DYN,,00:00,105 m,139 m,WHITE,69.5,-,Team World Championship,World Championship,2016-09-24
52,53,Heinz Kirschner (DEU),M,DYN,,00:00,42 m,136 m,WHITE,68.0,-,Team World Championship,World Championship,2016-09-24
53,54,Carl Atkinson (GBR),M,DYN,,00:00,120 m,130 m,WHITE,65.0,-,Team World Championship,World Championship,2016-09-24
54,55,Alkisti Vouraki (GRC),F,DYN,,00:00,10 m,130 m,WHITE,65.0,-,Team World Championship,World Championship,2016-09-24
55,56,Danai Varveri (GRC),F,DYN,,00:00,75 m,128 m,WHITE,64.0,-,Team World Championship,World Championship,2016-09-24
56,57,Mitsuhiro Kojima (JPN),M,DYN,,00:00,7 m,125 m,WHITE,62.5,-,Team World Championship,World Championship,2016-09-24
57,58,Michael Groenbaek (DNK),M,DYN,,00:00,57 m,108 m,WHITE,54.0,-,Team World Championship,World Championship,2016-09-24
58,59,Ashleigh Baird (USA),F,DYN,,00:00,60 m,107 m,WHITE,53.5,-,Team World Championship,World Championship,2016-09-24
59,60,Michelle Marsh (USA),F,DYN,,00:00,40 m,103 m,WHITE,51.5,-,Team World Championship,World Championship,2016-09-24
60,61,Elisabeth Hummel (DEU),F,DYN,,00:00,46 m,94 m,WHITE,47.0,-,Team World Championship,World Championship,2016-09-24
61,62,Emilie Vernier (FRA),F,DYN,,00:00,149 m,181 m,RED,0.0,DQ BO,Team World Championship,World Championship,2016-09-24
62,63,Mikkel Branth (DNK),M,DYN,,00:00,77 m,0 m,RED,0.0,DNS,Team World Championship,World Championship,2016-09-24
63,64,Xiaoman Yang (CHN),F,DYN,,00:00,50 m,137 m,RED,0.0,DQ BO,Team World Championship,World Championship,2016-09-24
0,1,Sebastian Lira (CHL),M,CWT,,00:00,82 m,82 m,WHITE,82.0,-,Big Blue World Cup,Depth Competition,2016-10-24
1,2,Amber Bourke (AUS),F,CNF,,00:00,50 m,50 m,WHITE,50.0,-,Big Blue World Cup,Depth Competition,2016-10-24
2,3,Aran Gilead (ISR),M,CNF,,00:00,59 m,59 m,WHITE,59.0,-,Big Blue World Cup,Depth Competition,2016-10-24
3,4,Marc Lenoir (FRA),M,FIM,,00:00,53 m,53 m,WHITE,53.0,-,Big Blue World Cup,Depth Competition,2016-10-24
4,5,Alexey Molchanov (RUS),M,FIM,,00:00,105 m,105 m,WHITE,105.0,-,Big Blue World Cup,Depth Competition,2016-10-24
5,6,Lena Jovanovic Balta (SRB),F,FIM,,00:00,65 m,46 m,YELLOW,24.0,-,Big Blue World Cup,Depth Competition,2016-10-24
6,7,Rodolfo Escalante (MEX),M,FIM,,00:00,60 m,49 m,YELLOW,37.0,-,Big Blue World Cup,Depth Competition,2016-10-24
0,1,Alexey Molchanov (RUS),M,CWT,,00:00,125 m,125 m,WHITE,125.0,-,Big Blue World Cup,Depth Competition,2016-10-25
1,2,Aran Gilead (ISR),M,CNF,,00:00,61 m,61 m,WHITE,61.0,-,Big Blue World Cup,Depth Competition,2016-10-25
2,3,Amber Bourke (AUS),F,FIM,,00:00,51 m,51 m,WHITE,51.0,-,Big Blue World Cup,Depth Competition,2016-10-25
3,4,Marc Lenoir (FRA),M,FIM,,00:00,56 m,56 m,WHITE,56.0,-,Big Blue World Cup,Depth Competition,2016-10-25
4,5,Rodolfo Escalante (MEX),M,FIM,,00:00,49 m,49 m,WHITE,49.0,-,Big Blue World Cup,Depth Competition,2016-10-25
5,6,Aurore Asso (FRA),F,FIM,,00:00,70 m,70 m,WHITE,70.0,-,Big Blue World Cup,Depth Competition,2016-10-25
6,7,Sebastian Lira (CHL),M,FIM,,00:00,85 m,84 m,YELLOW,82.0,-,Big Blue World Cup,Depth Competition,2016-10-25
0,1,Alexey Molchanov (RUS),M,CWT,,00:00,129 m,129 m,WHITE,129.0,World Record,Big Blue World Cup,Depth Competition,2016-10-28
1,2,Amber Bourke (AUS),F,CNF,,00:00,53 m,53 m,WHITE,53.0,-,Big Blue World Cup,Depth Competition,2016-10-28
2,3,Rodolfo Escalante (MEX),M,CNF,,00:00,45 m,45 m,WHITE,45.0,-,Big Blue World Cup,Depth Competition,2016-10-28
3,4,Marc Lenoir (FRA),M,FIM,,00:00,59 m,59 m,WHITE,59.0,-,Big Blue World Cup,Depth Competition,2016-10-28
4,5,Sebastian Lira (CHL),M,FIM,,00:00,85 m,85 m NR,WHITE,85.0,National Record,Big Blue World Cup,Depth Competition,2016-10-28
5,6,Aran Gilead (ISR),M,FIM,,00:00,71 m,71 m,WHITE,71.0,-,Big Blue World Cup,Depth Competition,2016-10-28
0,1,Aran Gilead (ISR),M,CWT,,00:00,71 m,71 m,WHITE,71.0,-,Big Blue World Cup,Depth Competition,2016-10-29
1,2,Sebastian Lira (CHL),M,CNF,,00:00,46 m,46 m,WHITE,46.0,-,Big Blue World Cup,Depth Competition,2016-10-29
2,3,Amber Bourke (AUS),F,FIM,,00:00,53 m,53 m,WHITE,53.0,-,Big Blue World Cup,Depth Competition,2016-10-29
